osm_id,osm_type,name_osm,amenity,cuisine,opening_hours,phone,website,delivery,takeaway,lat,lon,has_opening_hours,has_phone,has_website,has_delivery,has_takeaway,data_completeness_score
415826788,node,Mie Hokkien Rajake,restaurant,,,,,,,-7.2658834,112.7560738,0,0,0,0,0,0
415826789,node,Cafe Glass,cafe,,,,,,,-7.2661303,112.7646912,0,0,0,0,0,0
420468986,node,Ah Yat Abalone Forum,restaurant,chinese,,,,,,-7.2921492,112.7153034,0,0,0,0,0,0
421219476,node,Daun Lada,restaurant,indonesian,,,,,,-7.282439,112.7068932,0,0,0,0,0,0
421991642,node,Kuningan Restaurant,restaurant,indonesian,,,,,,-7.2716247,112.750176,0,0,0,0,0,0
1340762170,node,D' Cost,restaurant,"seafood, crab",Mo-Su 11:00-21:00,+62317342002,https://dcostseafood.com/,,,-7.2945494,112.6762066,1,1,1,0,0,3
1340818669,node,Bon Cafe,cafe,steak_house,Mo-Su 09:00-22:30,,https://www.boncafellas.com/,,,-7.2957078,112.6760649,1,0,1,0,0,2
1548354004,node,Mr. Jack,fast_food,,24/7,+62 31 5937465,,,,-7.294936,112.767632,1,1,0,0,0,2
1956411994,node,Double Happiness,restaurant,,,,,,,-7.2679015,112.7371751,0,0,0,0,0,0
2106529491,node,KFC,fast_food,chicken,,,,,yes,-7.2663663,112.7963246,0,0,0,0,1,1
2106529511,node,McDonald's Mulyosari,fast_food,,,,,,,-7.2667319,112.796385,0,0,0,0,0,0
2106536249,node,Pizza Hut,restaurant,pizza,,,,,,-7.2660141,112.7962171,0,0,0,0,0,0
2106536258,node,SAS Cafe & Resto,restaurant,,,,,,,-7.2704261,112.7986184,0,0,0,0,0,0
2633385707,node,Warkop Nobar,cafe,"kopi,_teh,_juice, coklat, roti bakar, dll",16:00-02:00,,,,,-7.2531434,112.6447475,1,0,0,0,0,1
2938710618,node,Depot Sari Sop Buntut,restaurant,asian,,,,,,-7.23698,112.7388116,0,0,0,0,0,0
2938728761,node,Pecel Kebon Rojo,restaurant,asian,,,,,,-7.2430189,112.7383002,0,0,0,0,0,0
3123675668,node,Bebek Goreng Hj. Slamet,restaurant,Javanese,,,,,,-7.2744912,112.7481806,0,0,0,0,0,0
3166309004,node,Holycow! Steakhouse by Chef Afit,restaurant,steak_house;american,Mo-Su 11:00-22:00,,,,,-7.2666247,112.7399292,1,0,0,0,0,1
3310860033,node,Lamongan Indah,restaurant,regional,16:00-23:00,,,,,-7.2702372,112.7605562,1,0,0,0,0,1
3317227635,node,The Café,cafe,international,Mo-Su 11:00-21:00,,https://houseofsampoerna.museum/e_historybeauty_cafe.htm,,,-7.2310091,112.7344491,1,0,1,0,0,2
3773465058,node,Bebek Goreng H. Slamet,restaurant,regional,,,,,,-7.3204609,112.7568277,0,0,0,0,0,0
3953125335,node,Starbucks,cafe,coffee_shop,,,,,yes,-7.2621634,112.7504732,0,0,0,0,1,1
4114686989,node,Fat Choi Noodle,restaurant,noodle,,,,,,-7.2772972,112.7491781,0,0,0,0,0,0
4187484631,node,3M Makassar,restaurant,,,,,,,-7.3030962,112.781233,0,0,0,0,0,0
4187488347,node,Six and Eat,restaurant,,,,,,,-7.259623,112.7555903,0,0,0,0,0,0
4187553284,node,A Cafe,restaurant,,,,,,,-7.2633233,112.740487,0,0,0,0,0,0
4187560888,node,A&W Tamansari Papilio,fast_food,,,,,,,-7.3310943,112.7302842,0,0,0,0,0,0
4187560940,node,A&W Puri Mas,fast_food,,,,,,,-7.3323912,112.7853387,0,0,0,0,0,0
4188596247,node,Al hamra restaurant,restaurant,,,,,,,-7.2592403,112.7461506,0,0,0,0,0,0
4188606200,node,K1 Karaoke Lounge,cafe,,,,,,,-7.242816,112.7413808,0,0,0,0,0,0
4188627398,node,Gudeg Bu Toegijo,restaurant,,,,,,,-7.2792009,112.7576856,0,0,0,0,0,0
4188627920,node,"KACANG IJO PUCANG ANOM ""PASAR PUCANG""",restaurant,,,,,,,-7.2854392,112.7528843,0,0,0,0,0,0
4188634711,node,AIE DOHO,restaurant,,,,,,,-7.2818601,112.7439225,0,0,0,0,0,0
4188652874,node,Aiola Eatery,restaurant,,,,,,,-7.258735,112.7502426,0,0,0,0,0,0
4188712496,node,Hanamasa,restaurant,japanese,,,,,,-7.2659117,112.7513729,0,0,0,0,0,0
4188717314,node,"Hapsari (Tahu Bakso Semarang, Siomay)",restaurant,,,,,,,-7.2622627,112.7404451,0,0,0,0,0,0
4188724989,node,Mie Ayam Lumayan,fast_food,,,,,,,-7.325668,112.7755186,0,0,0,0,0,0
4188777124,node,High Point Cafe Speciality,cafe,,,,,,,-7.337004,112.7388901,0,0,0,0,0,0
4188778818,node,Historica Coffee & Pastry,cafe,,,,,,,-7.2694972,112.7494463,0,0,0,0,0,0
4188783624,node,Rawon Calculator,restaurant,,,,,,,-7.2916281,112.7401696,0,0,0,0,0,0
4188788108,node,Rawon Setan,restaurant,,,,,,,-7.2592042,112.7351462,0,0,0,0,0,0
4188793761,node,Hok Siong,restaurant,chinese,,,,,,-7.2580236,112.7323546,0,0,0,0,0,0
4188865096,node,Kedai kopi SINGGALANG,cafe,,,,,,,-7.2492813,112.7307395,0,0,0,0,0,0
4188912789,node,"RM ""PADIN"" Aneka Penyetan (Bu. Dewi Achmad)",restaurant,,,,,,,-7.2557805,112.7324482,0,0,0,0,0,0
4188930090,node,Kepiting Cak Gundul 1992,restaurant,,,,,,,-7.2782792,112.7078732,0,0,0,0,0,0
4189063901,node,Autonet,cafe,,,,,,,-7.2819951,112.7425595,0,0,0,0,0,0
4189116356,node,Ayam Bakar Primarasa,restaurant,,,,,,,-7.3301122,112.7303911,0,0,0,0,0,0
4189119761,node,Ayam Bakar Wong Solo,restaurant,,,,,,,-7.2599043,112.7438561,0,0,0,0,0,0
4189121072,node,Ayam Goreng Asli Pemuda,restaurant,,,,,,,-7.2578742,112.7310267,0,0,0,0,0,0
4189124624,node,Ayam Goreng President,restaurant,,,,,,,-7.2580177,112.7324236,0,0,0,0,0,0
4189128800,node,Ayam Tulang Lunak Malioboro,restaurant,,,,,,,-7.2795144,112.7376245,0,0,0,0,0,0
4189165836,node,KFC Adityawarman,fast_food,chicken,,,,,,-7.2946518,112.7317307,0,0,0,0,0,0
4189167894,node,Rujak Cingur Ahmad Jais,restaurant,,,,,,,-7.2554948,112.740236,0,0,0,0,0,0
4189188989,node,Rujak Cingur Genteng Durasim,restaurant,,,,,,,-7.2579908,112.7403535,0,0,0,0,0,0
4189198093,node,Bakso Kepala Sapi,restaurant,regional,,,,,,-7.2559081,112.7322429,0,0,0,0,0,0
4189200664,node,Bakmi Plengkung Gading,restaurant,,,,,,,-7.2668316,112.7278827,0,0,0,0,0,0
4189210933,node,Bakso Kotak Cak Rie,restaurant,,,,,,,-7.3188814,112.7384304,0,0,0,0,0,0
4189216552,node,Bakso Pak Sabar,restaurant,,,,,,,-7.272636,112.7528146,0,0,0,0,0,0
4189218308,node,Bakso Solo,restaurant,,,,,,,-7.2736436,112.752319,0,0,0,0,0,0
4189238974,node,Kober Mie Setan,restaurant,,,,,,,-7.2599453,112.7513861,0,0,0,0,0,0
4189254324,node,Bangi Kopitiam,restaurant,,,,,,,-7.2601542,112.7452536,0,0,0,0,0,0
4189254390,node,Banana Bil-Bil Food,restaurant,,,,,,,-7.2738994,112.6520007,0,0,0,0,0,0
4189256461,node,Bandar Djakarta,restaurant,seafood,Mo-Su 11:00-23:00,,https://bandar-djakarta.com/,,,-7.282705,112.6875828,1,0,1,0,0,2
4189265543,node,Bangi Kopitiam,restaurant,,,,,,,-7.2605422,112.7413609,0,0,0,0,0,0
4189279554,node,Konig,cafe,,,,,,,-7.2818933,112.7762419,0,0,0,0,0,0
4189292998,node,Rumah Makan Sriwedari,restaurant,,,,,,,-7.3212425,112.7470407,0,0,0,0,0,0
4190997489,node,Kudos Cafe,cafe,,Mo-Th 08:00-22:00; Fr-Su 08:00-23:00,+623199016791,https://www.instagram.com/kudos_cafe/,,,-7.294822,112.6751715,1,1,1,0,0,3
4191000242,node,Bebek Goreng Cak Yudi,restaurant,,,,,,,-7.2215902,112.7310234,0,0,0,0,0,0
4191000628,node,Bebek Goreng H. Slamet,restaurant,,,,,,,-7.2892341,112.7531493,0,0,0,0,0,0
4191003641,node,Bebek Goreng Harissa,restaurant,,,,,,,-7.2601562,112.744596,0,0,0,0,0,0
4191006962,node,Nasi Bebek Kanwa,restaurant,,,,,,,-7.2846673,112.7305035,0,0,0,0,0,0
4191009462,node,Bebek Pak Joss Cab. Dharmahusada,restaurant,,,,,,,-7.266949,112.7693229,0,0,0,0,0,0
4191009465,node,Restoran Bebek Tepi Sawah Surabaya,restaurant,,,,,,,-7.2931307,112.7410561,0,0,0,0,0,0
4191012268,node,Bebek Sinjay,restaurant,,,,,,,-7.2477882,112.7587431,0,0,0,0,0,0
4191012881,node,Bebek Tugu Pahlawan,restaurant,,,,,,,-7.2473742,112.7378476,0,0,0,0,0,0
4191015603,node,Bebek Kayu Tangan,restaurant,,,,,,,-7.298135,112.75236,0,0,0,0,0,0
4191041189,node,Sambel Bu Rudy,restaurant,,,,,,,-7.267145,112.7698673,0,0,0,0,0,0
4191048384,node,Sapi Milk,cafe,,,,,,,-7.2948767,112.7625001,0,0,0,0,0,0
4191059952,node,Sate Ayam Madura Krembangan,restaurant,,,,,,,-7.2406764,112.7338244,0,0,0,0,0,0
4191065950,node,Sate Ayam Mulyosari,restaurant,,,,,,,-7.2687922,112.7966507,0,0,0,0,0,0
4191069983,node,Bima Restaurant,restaurant,,,,,,,-7.2562508,112.738598,0,0,0,0,0,0
4191074244,node,Layali Shisha Cafe and Lounge,cafe,,,,,,,-7.2692876,112.7506084,0,0,0,0,0,0
4191092612,node,Blackbarn Coffee,cafe,,,,,,,-7.2848049,112.736194,0,0,0,0,0,0
4191101739,node,Sate Kambing & Gulai Keputih,restaurant,,,,,,,-7.2881922,112.7980034,0,0,0,0,0,0
4191105597,node,Sate Klopo Ondomohen,restaurant,,,,,,,-7.2599859,112.7442619,0,0,0,0,0,0
4191117195,node,Layar Perum Bukit Mas,restaurant,,,,,,,-7.2936484,112.7066604,0,0,0,0,0,0
4191121303,node,Le Cafe Gourmand,cafe,sandwich;breakfast;ice_cream;cake;coffee_shop,Mo-Su 08:00-22:00,5355511,,,,-7.2661781,112.7399656,1,1,0,0,0,2
4191138289,node,Seafood Kapasan (Simo Lawang Baru Pojok),restaurant,,,,,,,-7.2403972,112.7520042,0,0,0,0,0,0
4191144649,node,Libby cafe,cafe,,,,,,,-7.2696212,112.6967882,0,0,0,0,0,0
4191146385,node,Sego Njamoer,restaurant,,,,,,,-7.2820499,112.7892322,0,0,0,0,0,0
4191147158,node,Libreria Eatery,restaurant,,,,,,,-7.2928621,112.755556,0,0,0,0,0,0
4191151284,node,Brother Union Eatery,restaurant,,,,,,,-7.2800787,112.7438658,0,0,0,0,0,0
4191152908,node,Sego Sambel Mak Yeye,restaurant,,,,,,,-7.3012724,112.7382068,0,0,0,0,0,0
4191152964,node,Bu Rudy,restaurant,,,,,,,-7.2583867,112.7288824,0,0,0,0,0,0
4191179831,node,Cafe Glass,cafe,,,,,,,-7.3037377,112.7618885,0,0,0,0,0,0
4191180353,node,Cailano,restaurant,,,,,,,-7.2828265,112.7763242,0,0,0,0,0,0
4191187971,node,Mahameru Restaurant,restaurant,,,,,,,-7.2807432,112.7319113,0,0,0,0,0,0
4191188521,node,Calibre,cafe,savory_pancakes;tea;cake;pasta;pancake;sandwich;breakfast;international;coffee_shop,Su-Th 10:00-22:00; Fr-Sa 10:00-23:30,+62 31 5454801,,,yes,-7.2611565,112.7488027,1,1,0,0,1,3
4191190470,node,CALORIA RESTO,restaurant,,,,,,,-7.27596,112.773061,0,0,0,0,0,0
4191190958,node,MAKAM FAMILI SAMBONGAN,restaurant,,,,,,,-7.2794981,112.7470282,0,0,0,0,0,0
4191195170,node,Makan Rumahan,restaurant,,,,,,,-7.2975725,112.7678291,0,0,0,0,0,0
4191209387,node,Carl's Jr.,fast_food,burger,07:00-23:00,,,no,yes,-7.2801553,112.7745969,1,0,0,0,1,2
4191224565,node,Carpentier Kitchen,restaurant,,,,,,,-7.2845311,112.7363643,0,0,0,0,0,0
4191227166,node,Sentra Kuliner Taman Flora,restaurant,,,,,,,-7.2944115,112.7612098,0,0,0,0,0,0
4191236894,node,Caturra Espresso,cafe,,,,,,,-7.2583456,112.7294178,0,0,0,0,0,0
4191388843,node,Coffeezone,cafe,,,,,,,-7.2837039,112.7414089,0,0,0,0,0,0
4191391086,node,Coffee Toffee,cafe,,,,,,,-7.2868818,112.7757162,0,0,0,0,0,0
4191427580,node,Communal,cafe,,,,,,,-7.2821635,112.7762654,0,0,0,0,0,0
4191451056,node,Crab 'N Chef,restaurant,,,,,,,-7.2767171,112.8042307,0,0,0,0,0,0
4191459251,node,McDonald's Mayjen Sungkono,fast_food,burger,,,https://mcdonalds.co.id/,no,yes,-7.2887219,112.7065387,0,0,1,0,1,2
4191482695,node,Society Complex,restaurant,,,,,,,-7.2696093,112.749277,0,0,0,0,0,0
4191493754,node,Soto Ambengan Pak Sadi Asli,restaurant,,,,,,,-7.2557241,112.7449926,0,0,0,0,0,0
4191859974,node,Donburi Be Happy,restaurant,,,,,,,-7.2506586,112.6613932,0,0,0,0,0,0
4191878233,node,De Mandailing,restaurant,,,,,,,-7.2879591,112.7757647,0,0,0,0,0,0
4192735790,node,Soto Ayam Lamongan Cak Har,restaurant,,,,,,,-7.295653,112.7812929,0,0,0,0,0,0
4192736949,node,Moi Garden,restaurant,chinese,,,,,,-7.2784716,112.7654968,0,0,0,0,0,0
4192738510,node,Soto Daging Marmoyo,restaurant,,,,,,,-7.2966198,112.7399017,0,0,0,0,0,0
4192739036,node,Monopole Coffee Lab,cafe,,,,,,,-7.2828406,112.694808,0,0,0,0,0,0
4192739828,node,Soto Madura Tapak Siring,restaurant,,,,,,,-7.265689,112.7637491,0,0,0,0,0,0
4192741560,node,Soto Madura Wawan,restaurant,,,,,,,-7.2920505,112.7247081,0,0,0,0,0,0
4192743820,node,Depot AT 29,restaurant,,,,,,,-7.3204001,112.7652008,0,0,0,0,0,0
4192745002,node,Depot Bali,restaurant,,,,,,,-7.2524231,112.7419006,0,0,0,0,0,0
4192745003,node,Muttonbird Bistro & Rooftop,restaurant,,,,,,,-7.3173549,112.7804057,0,0,0,0,0,0
4192745870,node,Warung Sejedewe,restaurant,,,,,,,-7.3196798,112.7627696,0,0,0,0,0,0
4192746588,node,Depot Grace,restaurant,,,,,,,-7.2513997,112.7721936,0,0,0,0,0,0
4192747315,node,Depot Nasi Campur Pojok Tambak Bayan,restaurant,,,,,,,-7.2477332,112.7415854,0,0,0,0,0,0
4192747634,node,Depot Madiun Bu Rudy,restaurant,,,,,,,-7.2706329,112.7213956,0,0,0,0,0,0
4192747739,node,Depot Mak Ay,restaurant,,,,,,,-7.2757502,112.7055749,0,0,0,0,0,0
4192748080,node,Depot Mangga,restaurant,,,,,,,-7.3142323,112.7630604,0,0,0,0,0,0
4192748081,node,Special Nasi Udang Khas Bu Rudi,restaurant,,,,,,,-7.2804351,112.7075469,0,0,0,0,0,0
4192749740,node,Depot Soto Madura Gubeng Pojok Asli,restaurant,,,,,,,-7.2602926,112.7514075,0,0,0,0,0,0
4192761149,node,Starbucks,cafe,coffee_shop,,,,,yes,-7.32027,112.7325051,0,0,0,0,1,1
4192765244,node,Starbucks,cafe,coffee_shop,,,,,yes,-7.2744901,112.7820139,0,0,0,0,1,1
4192766545,node,Starbucks,cafe,coffee_shop,,,,,yes,-7.2926634,112.7188218,0,0,0,0,1,1
4192769085,node,Stilrod Cycle Shop,cafe,,,,,,,-7.293055,112.7394879,0,0,0,0,0,0
4192787118,node,STMJ Bu Nunuk Pojok Ngagel,cafe,,,,,,,-7.2944924,112.7461441,0,0,0,0,0,0
4192833806,node,Domicile Kitchen & Lounge,restaurant,,,,,,,-7.2689604,112.7502448,0,0,0,0,0,0
4192852886,node,Dunkin',fast_food,donut;coffee_shop,,,,,yes,-7.2655282,112.7526625,0,0,0,0,1,1
4192912669,node,Surabaya CAFÈ,cafe,,,,,,,-7.2654319,112.7527206,0,0,0,0,0,0
4192933372,node,Grand Ocean,restaurant,,,,,,,-7.2838694,112.6902128,0,0,0,0,0,0
4192944475,node,Edi Fried Chicken,restaurant,,,,,,,-7.257012,112.7596817,0,0,0,0,0,0
4193020155,node,Tahu Telor Pak Jayen,restaurant,,,,,,,-7.2720902,112.7737765,0,0,0,0,0,0
4193036805,node,Kartikasari Pujasera,restaurant,,,,,,,-7.278928,112.7653993,0,0,0,0,0,0
4193038492,node,Es Teller Tanjung Anom,restaurant,,,,,,,-7.2573179,112.7366852,0,0,0,0,0,0
4193058429,node,Excelso,cafe,,,,,,,-7.2763121,112.7818725,0,0,0,0,0,0
4193096146,node,Feliz Guest House & Cafe,cafe,,,,,,,-7.3219722,112.7463631,0,0,0,0,0,0
4193163828,node,Fusia,restaurant,sundanese,,,,,,-7.2849646,112.7315602,0,0,0,0,0,0
4193187205,node,Teras Rumah Cafe,cafe,,,,,,,-7.2737522,112.7954887,0,0,0,0,0,0
4193201893,node,Pop Smile Chicken,restaurant,,,,,,,-7.3396913,112.7355897,0,0,0,0,0,0
4193209039,node,The Coffee Bean & Tea Leaf,cafe,coffee_shop,,,,,yes,-7.2930433,112.719656,0,0,0,0,1,1
4193344771,node,PONDOK ALEXIS,restaurant,,,,,,,-7.3423056,112.7367056,0,0,0,0,0,0
4193358660,node,Too Too Moo Patisserie,cafe,,,,,,,-7.2840504,112.7360311,0,0,0,0,0,0
4212997992,node,Kopi Ganes,cafe,american,,,,,,-7.2876459,112.8040771,0,0,0,0,0,0
4258079710,node,Warung Lesehan PANDAN SARI,restaurant,,,,,,,-7.2514659,112.6522618,0,0,0,0,0,0
4260123796,node,"Zangrandi, Ice Cream",cafe,,,,,,,-7.2635031,112.7460796,0,0,0,0,0,0
4260125476,node,The Avenue Lounge Bar,cafe,,,,,,,-7.2914353,112.7155623,0,0,0,0,0,0
4260137173,node,Kedai Kopi (Keiko),cafe,,,,,,,-7.2858843,112.7759749,0,0,0,0,0,0
4260141068,node,De mandailing Cafe n Eatery Jemur Sari,cafe,,,,,,,-7.322603,112.7423292,0,0,0,0,0,0
4260143149,node,Otoclassic Cafe,cafe,,,,,,,-7.2940318,112.7572188,0,0,0,0,0,0
4260144465,node,GR Café (Gue Rasa ini Café),cafe,,,,,,,-7.2923125,112.7495072,0,0,0,0,0,0
4260149093,node,One Dollar Cafe,cafe,,,,,,,-7.2907982,112.7465567,0,0,0,0,0,0
4267713041,node,Kafe Panorama,cafe,,,,,,,-7.2824084,112.7622228,0,0,0,0,0,0
4267809700,node,Shae Cafe and Eatery,cafe,,,,,,,-7.2773927,112.746638,0,0,0,0,0,0
4270975190,node,Noach Cafe & Bistro,cafe,sandwich;tea;cake;coffee_shop;asian;american;pasta;pizza,Mo-Th 11:00-22:00; Fr-Sa 11:00-22:00,,,,,-7.2664268,112.7398709,1,0,0,0,0,1
4270993990,node,Boncafe Steak & Ice Cream,restaurant,steak_house;fish;burger;breakfast;ice_cream;coffee_shop,Mo-Su 09:00-22:00,5343018,,,,-7.2660414,112.7398197,1,1,0,0,0,2
4271023390,node,Lentora,restaurant,indonesian;local,Mo-Su 10:00-22:00,+62 31 99015342,,,,-7.2675532,112.740213,1,1,0,0,0,2
4296327398,node,KPK Latar Ombo,cafe,,,,,,,-7.3086561,112.7206005,0,0,0,0,0,0
4338192779,node,Le galleria,restaurant,indonesian;international;pizza,Mo-Su 10:00-22:00,+62317430599,,,,-7.2939213,112.6495469,1,1,0,0,0,2
4340621355,node,Dream of kahyangan,restaurant,indonesian,Mo-Su 11:00-22:00,+62317411999,https://dokar-group.com/,no,no,-7.2925862,112.6546029,1,1,1,0,0,3
4342496192,node,Warkop Damai,cafe,,,,,,,-7.3122818,112.7973987,0,0,0,0,0,0
4353734393,node,After you,cafe,,Mo-Su 11:00-23:55,+6281331986660,,,,-7.2914818,112.6478516,1,1,0,0,0,2
4361191851,node,Tune,restaurant,italian,Mo-Su 11:30-22:30,+62 31 732 6741,http://tunerestaurant.com,,,-7.2832518,112.6862294,1,1,1,0,0,3
4361191857,node,Excelso,cafe,indonesian;fish_and_chips;sandwich;pizza,Mo-Su 10:00-22:00,,https://excelso-coffee.com/,,,-7.2931421,112.6541706,1,0,1,0,0,2
4372135227,node,DS Bistro,restaurant,salad;burger;pizza;crab,Mo-Su 10:00-23:00,+62811311884,https://www.instagram.com/dsbistrosby/,yes,yes,-7.2862215,112.6562872,1,1,1,1,1,5
4372135229,node,What's cook n',restaurant,chinese,,,,,,-7.2916719,112.654897,0,0,0,0,0,0
4372135231,node,Corea,restaurant,corean,Tu-Su 11:00-22:00,+6281217210026,https://m.facebook.com/coreabbqandsuki/,,,-7.2938572,112.6541793,1,1,1,0,0,3
4384067060,node,Pisa,cafe,,Mo-Su 11:00-21:00,+62317320220,http://www.kafepisa.com,,,-7.2816688,112.6838289,1,1,1,0,0,3
4384067911,node,Tutto Bono,restaurant,italian;pasta,Mo-Su 11:00-23:00,+62 31 51163366,https://www.tuttobono.id/,no,no,-7.2850685,112.6815365,1,1,1,0,0,3
4405219506,node,Starbucks,cafe,coffee_shop,Mo-Su 07:30-23:00,+623199001346,https://www.starbucks.co.id/store/116616/ID/Graha-Family-Hospital/Jl-Boulevard-Famili-Selatan-Kav-1-Surabaya-JI,,yes,-7.2990766,112.6760103,1,1,1,0,1,4
4426073007,node,Soto Podjok,restaurant,indonesian,Mo-Su 07:00-21:00,+62317425365,,no,yes,-7.2940933,112.6502735,1,1,0,0,1,3
4451238441,node,Layar Seafood,restaurant,seafood,,,,,,-7.2804564,112.7675545,0,0,0,0,0,0
4476181294,node,The golden saffron,restaurant,indian,Mo-Su 10:00-22:00,+628989497291,https://www.facebook.com/The-golden-saffron-234934453318598/,yes,yes,-7.2948191,112.6546406,1,1,1,1,1,5
4476441297,node,Meat shop,restaurant,steak_house;burger,Mo-Su 09:00-22:00,+62317343736,,,,-7.2826321,112.6888213,1,1,0,0,0,2
4476559098,node,McDonald's - Graha Famili,fast_food,burger,24/7,,https://mcdonalds.co.id/,yes,yes,-7.2882105,112.6787949,1,0,1,1,1,4
4478356333,node,MIXTIX,cafe,,"We-Su 15:00-00:00, Mo 15:00-00:00",+6282178787890,,,,-7.2984682,112.649344,1,1,0,0,0,2
4481030281,node,Myoung Ga,restaurant,korean,Mo-Su 11:00-22:00,+62 31 7340650,https://m.facebook.com/pages/Myoung-Ga/146827905364562,,,-7.2835502,112.6859591,1,1,1,0,0,3
4507463564,node,Spago,cafe,,Mo-Su 10:30-22:30,,,,,-7.290712,112.6546441,1,0,0,0,0,1
4516863477,node,KFC,fast_food,chicken,,,,,yes,-7.27931,112.7297059,0,0,0,0,1,1
4516864624,node,Excelso,cafe,,,,,,,-7.2693945,112.743946,0,0,0,0,0,0
4522446490,node,Warung Penyetan Bu Kris,restaurant,indonesian;regional;breakfast;diner;chicken,Mo-Su 10:00-22:00,0315611010,,,,-7.2941559,112.707188,1,1,0,0,0,2
4548836566,node,Surabaya pagi,cafe,,,,,,,-7.2378814,112.7361972,0,0,0,0,0,0
4548836570,node,Indagiri,restaurant,,,,,,,-7.2885177,112.7313382,0,0,0,0,0,0
4548837067,node,Finjan,restaurant,arab,,,,,,-7.2296843,112.7405928,0,0,0,0,0,0
4548837094,node,Moi village,restaurant,,,,,,,-7.2937637,112.675095,0,0,0,0,0,0
4576889281,node,May Star,restaurant,chinese;dim sum,Mo-Sa 10:00-22:00; Su 08:00-22:00,+6281322588588,http://maystarsurabaya.com,,,-7.2956657,112.6751381,1,1,1,0,0,3
4586405595,node,Gojumong,restaurant,korean,Mo-Su 11:30-22:30,+62317343690,,,,-7.281296,112.6842415,1,1,0,0,0,2
4599296030,node,Mediterraneo Surabaya,restaurant,,,,,,,-7.2813089,112.6995054,0,0,0,0,0,0
4599296300,node,GatherInc.,cafe,bistro;bakery,"Mo-Fr 10:00-22:00; Sa, Su 10:00-23:00",+623199019881,http://gatherinc-bistro.com/,no,,-7.2781639,112.6454351,1,1,1,0,0,3
4599296390,node,Yoyogi,restaurant,,Mo-Su 11:00-22:00,+62 31 51907755,,,,-7.2907063,112.6550767,1,1,0,0,0,2
4599296391,node,Sederhana,restaurant,indonesian;padang,Mo-Su 08:00-23:00,+62-31-7419343,,,,-7.2860825,112.6557514,1,1,0,0,0,2
4601097829,node,Philip's coffee,cafe,,Tu-Su 09:00-21:00,+62 31 7321507,,,,-7.2930653,112.6765087,1,1,0,0,0,2
4601097830,node,Ohana,cafe,,,,,,,-7.2927503,112.6765905,0,0,0,0,0,0
4601097831,node,Gangnam,restaurant,korean,Mo-Su 11:00-22:00,+62 31 7385176,,,,-7.2926751,112.6766104,1,1,0,0,0,2
4601097893,node,Holycow,restaurant,steak_house;steak;western,Mo-Su 11:00-22:00,,https://holycowsteak.com,,,-7.2921578,112.6764684,1,0,1,0,0,2
4601097895,node,Wei xiao,restaurant,chinese,Mo-Th 10:00-22:00; Fr-Su 10:00-23:00,+6283854190088,http://www.loveweixiao.com/,yes,yes,-7.2932545,112.6762377,1,1,1,1,1,5
4601097898,node,Elizabeth James,cafe,international;chinese,Mo-Su 10:30-22:00,+62317386789,,,,-7.293926,112.6768816,1,1,0,0,0,2
4643638686,node,Yôkosa,restaurant,japanese,"Tu-Su 11:00-15:00, 17:00-22:00",+62 851 002 678 76,https://www.instagram.com/yokosoresto,,,-7.2916907,112.6550141,1,1,1,0,0,3
4644446889,node,depot BAMARA,restaurant,,,,,,,-7.241491,112.7206669,0,0,0,0,0,0
4682726961,node,Little kitchen,restaurant,,Mo-Su 10:00-00:00,+62317345450,,,,-7.2827146,112.6869349,1,1,0,0,0,2
4683416090,node,Loco,restaurant,,,,,,,-7.2633016,112.7517051,0,0,0,0,0,0
4701193190,node,Coffee Estatindo,cafe,,Mo-Su 10:00-23:00,,,,,-7.3125985,112.7804403,1,0,0,0,0,1
4715001790,node,Platinum grill,restaurant,european;steak;grill,Tu-Su 18:00-23:00,+62317388990,http://www.theplatinumgrill.com/,,,-7.2916977,112.6858799,1,1,1,0,0,3
4723341393,node,Burger King,fast_food,burger,Mo-Su 10:00-22:00,,http://burgerking.id/,,yes,-7.2892661,112.6760884,1,0,1,0,1,3
4723341394,node,Pizza Hut,restaurant,pizza,Mo-Su 10:00-22:00,+628113249115,https://www.pizzahut.co.id/lokasi/supermall-pakuwon-indah,,yes,-7.2887244,112.6760987,1,1,1,0,1,4
4723341396,node,Starbucks,cafe,coffee_shop,Mo-Su 10:00-22:00,,,,yes,-7.2899163,112.6755586,1,0,0,0,1,2
4723346628,node,KFC,fast_food,chicken,Mo-Su 10:00-22:00,,https://kfcku.com/,,yes,-7.2893877,112.6759727,1,0,1,0,1,3
4745225123,node,Coyote,cafe,,,,,,,-7.2635586,112.7399021,0,0,0,0,0,0
4745225124,node,Bebek sinjay,restaurant,,,,,,,-7.2583791,112.7326422,0,0,0,0,0,0
4746176616,node,Supresso,cafe,,,,https://www.supresso.com/,,,-7.2933376,112.6752333,0,0,1,0,0,1
4746184765,node,Carl's Jr.,fast_food,burger,Mo-Su 08:00-00:00,+623199423441,https://carlsjr.co.id/,,yes,-7.2953124,112.6760191,1,1,1,0,1,4
4746184767,node,Kabinet,cafe,,Mo-Su 08:00-22:00,,https://kabinetcoffee.com/,,,-7.2961875,112.6750664,1,0,1,0,0,2
4746185018,node,Wingstop,restaurant,wings,,,,,yes,-7.2954598,112.6760346,0,0,0,0,1,1
4746185020,node,Le cafe gourmand,cafe,,Mo-Su 08:00-23:00,+62 31 7322552,,,,-7.2959088,112.6760144,1,1,0,0,0,2
4746185228,node,Beatus,restaurant,seafood;crab;indonesian,Tu-Su 18:00-23:00,+6281217579772,,,,-7.2939822,112.676022,1,1,0,0,0,2
4752679975,node,Lontong balap,restaurant,,,,,,,-7.2305693,112.7347783,0,0,0,0,0,0
4757366122,node,Starbucks,cafe,coffee_shop,Mo-Su 07:00-22:00,,https://www.starbucks.co.id/,,yes,-7.2964397,112.6542474,1,0,1,0,1,3
4766222959,node,Soto Daging Tapaksiring,restaurant,,,,,,,-7.2655772,112.7638513,0,0,0,0,0,0
4766355331,node,Sego gunung,restaurant,asian,Mo-Su 11:00-22:00,+62 31 7408347,,,,-7.290359,112.6547829,1,1,0,0,0,2
4766357263,node,Kapok Lombok,restaurant,,Mo-Su 10:00-23:00,+62 816-5413-943,,,,-7.28685,112.6559294,1,1,0,0,0,2
4766357264,node,Goodies pizza,restaurant,pizza,Mo-Su 11:30-22:00,+62317413353,,,,-7.2875586,112.6554195,1,1,0,0,0,2
4766357268,node,Taste code,restaurant,Asian;wok;soup;club sandwich,"Mo-Fr, Su 16:00-23:55; Sa 16:00-01:00",+6231 7411485,,,,-7.2898183,112.6548726,1,1,0,0,0,2
4766362522,node,Housaku,restaurant,japanese;sushi;bento,Mo-Su 10:00-22:00,+62317458373,http://www.housakusushi.com,yes,yes,-7.2901278,112.6551659,1,1,1,1,1,5
4804866879,node,Hakka,restaurant,,,,,,,-7.2928164,112.6770255,0,0,0,0,0,0
4804867099,node,Bumbu jawa,fast_food,,,,,,,-7.2929396,112.6770363,0,0,0,0,0,0
4821879698,node,Out of the blue!,restaurant,,"Mo-Th, Su 10:00-22:00; Fr, Sa 10:00-00:00",+623160039676,http://www.outoftheblue.id/,,,-7.2884371,112.6785389,1,1,1,0,0,3
4821881412,node,Richeese factory,fast_food,,,,http://www.outoftheblue.id/,,,-7.2885427,112.6784344,0,0,1,0,0,1
4824461659,node,Dewa ~ndaru,restaurant,,,,,,,-7.2895256,112.7121168,0,0,0,0,0,0
4824490649,node,Starbucks,cafe,coffee_shop,Mo-Su 08:00-22:00,+623151163546,https://www.starbucks.co.id/store/1018293/ID/Lenmarck-Surabaya/Jalan-Bukit-Darmo-Boulevard-Office-park-2-No-1,,yes,-7.2859307,112.6805656,1,1,1,0,1,4
4824490956,node,Tekka,restaurant,,,,,,,-7.2863865,112.698464,0,0,0,0,0,0
4824561855,node,Restonine,restaurant,,,,,,,-7.2923009,112.7221632,0,0,0,0,0,0
4830378536,node,Calipto,cafe,club_sandwich,Tu-Su 09:00-21:00,+62 812 3386 6919,,,,-7.2790226,112.645619,1,1,0,0,0,2
4836404598,node,Kayu,restaurant,asian;japanese;sushi,Mo-Su 11:30-22:00,+62315622503,,no,no,-7.287051,112.7066716,1,1,0,0,0,2
4840871469,node,Happy garden,restaurant,bubur;Indonesian,,+62317401966,,,,-7.2913555,112.654873,0,1,0,0,0,1
4840871471,node,Nyah tewel,restaurant,indonesian,Mo-Su 11:00-22:00,+623199162833,,,,-7.2913178,112.6541536,1,1,0,0,0,2
4840871955,node,Pompit,restaurant,,Mo-Sa 11:00-23:00,,,,,-7.2913191,112.655223,1,0,0,0,0,1
4840872185,node,D'licious,restaurant,,Mo-Su 10:00-23:00,,,,,-7.2915525,112.6551507,1,0,0,0,0,1
4865372180,node,Ambrosia,restaurant,pizza;steak;fish,Mo-Fr 16:00-22:00; Sa 12:00-23:00; Su 12:00-22:00,+62 31 7526800,http://the-ambrosia.com,,,-7.3046097,112.6938902,1,1,1,0,0,3
4873369734,node,Confit,cafe,,Mo-Su 06:45-22:00,+6289690780364,,,,-7.299552,112.6766185,1,1,0,0,0,2
4877026098,node,Bakmi GM,restaurant,,,,https://www.bakmigm.com/,,,-7.2950383,112.6761872,0,0,1,0,0,1
4885353021,node,McDonald's,fast_food,burger,24/7,,,,yes,-7.2654734,112.7492296,1,0,0,0,1,2
4900845358,node,Myoung Dong,restaurant,Korean;Gyoza,Mo-Su 11:00-22:00,+6282230907779,https://www.instagram.com/myoungdong_gyoza/,,,-7.2858067,112.6565185,1,1,1,0,0,3
4903244721,node,Warkop tugu emas,cafe,,,,,,,-7.29169,112.7236817,0,0,0,0,0,0
4905089185,node,Pak Rudy,restaurant,,,,,,,-7.2889258,112.7099997,0,0,0,0,0,0
4905091985,node,Magal,restaurant,korean,,,,,,-7.2893317,112.7109733,0,0,0,0,0,0
4905091986,node,Take five,restaurant,,,,,,,-7.2846533,112.7385645,0,0,0,0,0,0
4905093484,node,La Rucola,restaurant,mediterranean,,,,,,-7.2828639,112.7377928,0,0,0,0,0,0
4916263299,node,Shijima,restaurant,,,,,,,-7.2887082,112.6782975,0,0,0,0,0,0
4916263859,node,Starbucks,cafe,coffee_shop,Mo-Su 10:00-22:00,,,,yes,-7.2875575,112.6751859,1,0,0,0,1,2
4958532822,node,Warung Joglo,restaurant,,,,,,,-7.3096304,112.7318586,0,0,0,0,0,0
4965692721,node,Depot 20,cafe,indonesian,Mo-Su 09:00-21:00,,,,,-7.2697812,112.7403323,1,0,0,0,0,1
5031982761,node,Djogja,fast_food,Indonesian;bakso,,+62 85104775678,,,,-7.290215,112.6551272,0,1,0,0,0,1
5031985102,node,Mie Ayam H&W,restaurant,,,,,,,-7.2921887,112.654753,0,0,0,0,0,0
5031985104,node,Supreso,restaurant,chinese,,,,no,no,-7.2855135,112.681157,0,0,0,0,0,0
5031985105,node,Shanghai bowl,restaurant,chinese,Mo-Su 11:00-22:00,+623151163059,http://www.shanghaibowl.co.id/,yes,no,-7.2852054,112.6816067,1,1,1,1,0,4
5031985418,node,Hong Kong garden,restaurant,chinese,Mo-Su 11:00-22:00,+623151163026,,no,no,-7.286378,112.6801828,1,1,0,0,0,2
5031986986,node,Kaldu segara,restaurant,crab;seafood,Mo-Su 10:00-21:00,+623151163014,,no,no,-7.2852408,112.6818522,1,1,0,0,0,2
5059099784,node,Rosebay,restaurant,,,,,,,-7.2968444,112.6800726,0,0,0,0,0,0
5059100239,node,Papa Delle,restaurant,,,,,,,-7.2981306,112.680454,0,0,0,0,0,0
5106762248,node,Steak hut,restaurant,,,,,,,-7.2825375,112.6830333,0,0,0,0,0,0
5124135502,node,Ming garden,restaurant,chinese,,,,,,-7.2855293,112.6984358,0,0,0,0,0,0
5164106110,node,Seafood tower,restaurant,,,,,,,-7.292208,112.6764626,0,0,0,0,0,0
5164108263,node,Hallo Surabaya,restaurant,,,,,,,-7.2838456,112.6675152,0,0,0,0,0,0
5164113619,node,Korbeq,restaurant,korean,,,,,,-7.285142,112.6814282,0,0,0,0,0,0
5171719922,node,Pizza Time,restaurant,,Mo-Su 10:30-23:00,+62 31 99242426,,,,-7.2678932,112.7354373,1,1,0,0,0,2
5171738222,node,Beautika Restoran Khas Manado,restaurant,indonesian,Mo-Su 09:00-21:00,+62 31 5317004,,,,-7.2656102,112.7396242,1,1,0,0,0,2
5173980622,node,Sadang Korean BBQ,restaurant,korean,Mo-Su 11:00-22:00,+62 859 3113 6433,,,,-7.2672492,112.740425,1,1,0,0,0,2
5199192021,node,Ming Yang,restaurant,chinese,Mo-Su 11:30-22:00,+6282220595988,,,,-7.2921337,112.676788,1,1,0,0,0,2
5199234793,node,Burg & Burp,restaurant,burger,,,,,,-7.2889156,112.6777086,0,0,0,0,0,0
5201378806,node,Yong's,restaurant,indonesian,"Mo, We-Su 08:00-21:00",,,,,-7.2933082,112.6772951,1,0,0,0,0,1
5201380510,node,Hot-star,restaurant,chicken,,,,,,-7.2932682,112.6770054,0,0,0,0,0,0
5214052022,node,Ikan Bakar Cianjur,restaurant,indonesian,Mo-Su 09:00-21:00,,,,,-7.2874895,112.706848,1,0,0,0,0,1
5214052023,node,D'Jang Gem,restaurant,korean,Mo-Su 11:00-22:00,,,,,-7.2875585,112.7069902,1,0,0,0,0,1
5215360843,node,Jenggala,restaurant,,,,,,,-7.2852836,112.6970649,0,0,0,0,0,0
5215380054,node,Pondok Tempo Doeloe,restaurant,indonesian,,,,,,-7.2874728,112.7067562,0,0,0,0,0,0
5217656994,node,Warjo,restaurant,indonesian,,,,no,yes,-7.2843041,112.629427,0,0,0,0,1,1
5217656996,node,Mubaarok,restaurant,indonesian,,,,,,-7.2842962,112.6293315,0,0,0,0,0,0
5220864523,node,Sushi Tei,restaurant,japanese;sushi,Mo-Su 10:00-22:00,,http://www.sushitei.co.id/,,,-7.288564,112.6762476,1,0,1,0,0,2
5220872821,node,Thaï street,restaurant,thai,,,,,,-7.288254,112.6755748,0,0,0,0,0,0
5220872822,node,Hajime,restaurant,japanese,,,,,,-7.2879059,112.6757083,0,0,0,0,0,0
5220872823,node,Gyu-Kaku,restaurant,japanese;barbecue,,,http://gyukaku.id,,,-7.2889666,112.6761834,0,0,1,0,0,1
5225896573,node,RPP,restaurant,,"Mo-Th, Su 17:00-00:00; Fr, Sa 17:00-02:00",,https://www.instagram.com/rpp.sby/,,,-7.2958734,112.6546571,1,0,1,0,0,2
5225896736,node,Alam laut,restaurant,indonesian,,,,,,-7.2910886,112.6545743,0,0,0,0,0,0
5229420322,node,Skyline design,cafe,,,,,,,-7.2830152,112.6835243,0,0,0,0,0,0
5236172993,node,Jaloe,restaurant,,,,,,,-7.2635565,112.7412787,0,0,0,0,0,0
5236172995,node,Soto wawan,restaurant,,,,,,,-7.2875354,112.7352073,0,0,0,0,0,0
5236173644,node,Hari hari,restaurant,,,,,,,-7.287601,112.7319699,0,0,0,0,0,0
5236173645,node,Penta,restaurant,seafood,,,,,,-7.2914652,112.7304422,0,0,0,0,0,0
5237495322,node,Redback,cafe,coffee_shop;cake;bagel;sandwich;tea,Mo-Su 06:00-22:00,,,,,-7.2806625,112.6840715,1,0,0,0,0,1
5239013190,node,Larris,restaurant,barbecue,,,,,,-7.2803702,112.6841431,0,0,0,0,0,0
5239013191,node,Host,restaurant,,,,,,,-7.3129219,112.6656467,0,0,0,0,0,0
5240396715,node,Curry house,restaurant,japanese,"Mo-Th, Su 10:00-21:00; Fr, Sa 10:00-22:00",,,,,-7.2808138,112.6838866,1,0,0,0,0,1
5240396717,node,Pizza Hut,restaurant,pizza,Mo-Su 10:00-23:00,1500600,https://www.phd.co.id,yes,yes,-7.2871493,112.6555037,1,1,1,1,1,5
5240459587,node,Loempia 23,restaurant,,,,,,,-7.2785313,112.6819403,0,0,0,0,0,0
5240459592,node,Hachi hachi,restaurant,,,,,,,-7.2905468,112.6546636,0,0,0,0,0,0
5246634221,node,Primarasa Restaurant,restaurant,,,,,,,-7.2805864,112.7695835,0,0,0,0,0,0
5248102622,node,Mie Setan,restaurant,,,,,,,-7.2787355,112.7496483,0,0,0,0,0,0
5254926101,node,Beatus,restaurant,crab;Indonesian,Tu-Su 18:00-23:00,+62317418771,http://www.ciputragolf.com,no,,-7.2920029,112.6372976,1,1,1,0,0,3
5254926733,node,Palimanan,restaurant,,Tu-Su 05:00-22:00,,http://www.ciputragolf.com,,,-7.2932764,112.6369459,1,0,1,0,0,2
5269623755,node,Bamegah,restaurant,,,,,,,-7.2922127,112.7274566,0,0,0,0,0,0
5269624033,node,Ria,restaurant,,,+62315343130,,,,-7.2692806,112.7406498,0,1,0,0,0,1
5276657698,node,Tea Presso,cafe,,,,,,,-7.2992134,112.6760609,0,0,0,0,0,0
5291378445,node,Carl's Jr,fast_food,burger,,,,,,-7.278384,112.7407895,0,0,0,0,0,0
5295169467,node,Chuan wei,restaurant,Chinese;Sichuan,Mo-Su 16:00-00:00,+6281215000118,https://www.instagram.com/chuanweisby/,,,-7.2933087,112.6763618,1,1,1,0,0,3
5295169468,node,Bakso solo,restaurant,indonesian,,,,,,-7.2933919,112.676354,0,0,0,0,0,0
5295169484,node,Kao,restaurant,chinese,,,,,,-7.2938037,112.6761291,0,0,0,0,0,0
5295169485,node,United steak,restaurant,steak_house;steak;western,,,,,,-7.2938192,112.6759986,0,0,0,0,0,0
5295169486,node,Cwie mie Malang,restaurant,indonesian,Mo-Su 07:00-23:00,+6282233048898,,,,-7.2936565,112.6761273,1,1,0,0,0,2
5295169487,node,Pawon,restaurant,indonesian,,+6288805050362,,,,-7.2931209,112.6764366,0,1,0,0,0,1
5295169640,node,Depot family,fast_food,indonesian,,,,,,-7.2925759,112.6766245,0,0,0,0,0,0
5295169642,node,Warung ayam betutu,restaurant,,,+6285745252777,,,,-7.2930264,112.6762392,0,1,0,0,0,1
5295169643,node,Hao,restaurant,,,,,,,-7.2930255,112.6769987,0,0,0,0,0,0
5295169644,node,T4,restaurant,,,,,,,-7.2930228,112.6769354,0,0,0,0,0,0
5295169645,node,Sugabites,cafe,bakery,,,,,,-7.29408,112.6763329,0,0,0,0,0,0
5295169646,node,TGC,cafe,,Mo-Su 06:00-23:45,,,,,-7.2939676,112.6762902,1,0,0,0,0,1
5295169647,node,Sahara,restaurant,,,,,,,-7.2936924,112.6759912,0,0,0,0,0,0
5295169648,node,Frangipani,restaurant,indonesian,Mo-Su 11:00-23:00,,,,,-7.2935208,112.6760823,1,0,0,0,0,1
5295169649,node,Oba,restaurant,japanese,"Mo-Fr 12:00-21:00; Sa, Su 11:00-22:00",+62818320588,,,,-7.2926313,112.6772958,1,1,0,0,0,2
5300385308,node,Pirates café,restaurant,,Tu-Su 10:00-19:00,+6281554333484,,,,-7.2853115,112.6331688,1,1,0,0,0,2
5301723424,node,Starbucks,cafe,,,,,,,-7.2625609,112.7390643,0,0,0,0,0,0
5309200651,node,Gao Ji Shao Kao,restaurant,,,,,,,-7.2923348,112.6765925,0,0,0,0,0,0
5330279481,node,Boulevard,restaurant,,,,,,,-7.2823993,112.683141,0,0,0,0,0,0
5330637022,node,Warung danang,cafe,coffee_shop,Mo-Sa 00:00-24:00,+6285731894265,https://wifi.id/,,,-7.2747419,112.7758684,1,1,1,0,0,3
5348408546,node,Sourrp me,fast_food,,,,,,,-7.2914312,112.6548545,0,0,0,0,0,0
5348773914,node,Sasty,fast_food,international,Mo-Su 17:00-23:00,,https://www.instagram.com/sasty_foodstall/,,,-7.2937321,112.6765016,1,0,1,0,0,2
5348773990,node,Kmie,fast_food,korean,,+6282229493505,https://www.instagram.com/kmie_ramyeon/,,,-7.2936415,112.6765053,0,1,1,0,0,2
5348773991,node,Mr. Big Tummy,fast_food,chinese,Mo-Su 10:00-22:00,,https://www.instagram.com/mrbigtummy/,,,-7.2935458,112.6765046,1,0,1,0,0,2
5348774775,node,Pigmalion,fast_food,pork,Mo-Su 16:00-23:00,,https://www.instagram.com/pigmalionsatebabi/,,,-7.2938117,112.676495,1,0,1,0,0,2
5354541741,node,Bird house,cafe,indonesian,Mo-Su 12:00-22:00,,https://www.instagram.com/birdhousebistro/,,,-7.2935947,112.6762882,1,0,1,0,0,2
5354542502,node,Sissy's kitchen,fast_food,,Mo-Su 14:00-23:00,+628114939969,https://www.instagram.com/sissyskitchensby/,,,-7.2935945,112.6763974,1,1,1,0,0,3
5362689673,node,Magal,restaurant,,Mo-Su 11:30-22:00,,,,,-7.2968202,112.6750878,1,0,0,0,0,1
5381991209,node,Palms,cafe,,,,,,,-7.2948712,112.6670643,0,0,0,0,0,0
5466219735,node,Hunger belt,restaurant,,,,,,,-7.2894444,112.6774637,0,0,0,0,0,0
5466664780,node,Chinese food,restaurant,,,,,,,-7.2932726,112.6762975,0,0,0,0,0,0
5486254233,node,Mama Noi,restaurant,,Mo-Su 11:00-21:00,,https://www.instagram.com/mamanoi.sby,,,-7.2923698,112.6521521,1,0,1,0,0,2
5492374063,node,The Piggy,restaurant,,Mo-Su 16:00-22:30,+623199163522,,,,-7.2900998,112.6548608,1,1,0,0,0,2
5497771231,node,Sam's kitchen,restaurant,seafood,,,,,,-7.2934045,112.6760344,0,0,0,0,0,0
5497771740,node,Churrz,cafe,,,,,,,-7.2939376,112.6761595,0,0,0,0,0,0
5507289026,node,Peco Peco,restaurant,sushi,,,,,,-7.311164,112.6791479,0,0,0,0,0,0
5591713703,node,Wapo,restaurant,,,,,,,-7.2917338,112.6544646,0,0,0,0,0,0
5651550299,node,D'cost,restaurant,,,,,,,-7.2702665,112.7455918,0,0,0,0,0,0
5651550303,node,Anda fit,restaurant,,,,,,,-7.2609254,112.7469105,0,0,0,0,0,0
5651550636,node,Burger King,fast_food,burger,,,,,yes,-7.2650724,112.7481634,0,0,0,0,1,1
5716380921,node,Foodcourt,cafe,,,,,,,-7.2741573,112.7418023,0,0,0,0,0,0
5873197056,node,Starbucks,cafe,coffee_shop,07:00-23:00,,,,yes,-7.2797036,112.7673519,1,0,0,0,1,2
5873197057,node,Starbucks,cafe,coffee_shop,,,,,yes,-7.2617762,112.7394783,0,0,0,0,1,1
5873197058,node,Starbucks,cafe,coffee_shop,,,,,yes,-7.2612547,112.7383465,0,0,0,0,1,1
5873197059,node,Starbucks,cafe,coffee_shop,,,,,yes,-7.2631864,112.7392584,0,0,0,0,1,1
5873197060,node,Starbucks,cafe,coffee_shop,,,,,yes,-7.2622711,112.7379978,0,0,0,0,1,1
5873197061,node,Starbucks,cafe,coffee_shop,,,,,yes,-7.2945388,112.7301228,0,0,0,0,1,1
5873197062,node,Starbucks,cafe,coffee_shop,,,,,yes,-7.2768993,112.805863,0,0,0,0,1,1
5897591806,node,Halim Restaurant,restaurant,asian,,,,,,-7.2782908,112.7576061,0,0,0,0,0,0
5897591816,node,Titik Kumpul,cafe,,,,,,,-7.2779716,112.7647984,0,0,0,0,0,0
5897591823,node,Sendai,restaurant,japanese,,,,,,-7.2774208,112.765646,0,0,0,0,0,0
5897591824,node,Sate Ayam Cak Arto,restaurant,indonesian,,,,,,-7.2775219,112.7656299,0,0,0,0,0,0
5897591826,node,365 Shanghai,restaurant,chinese,,,,,,-7.2776071,112.7656138,0,0,0,0,0,0
5897591827,node,Huang Table,restaurant,seafood,,,,,,-7.2780514,112.7655575,0,0,0,0,0,0
5897591828,node,Tip Top,restaurant,indonesian,,,,,,-7.2781578,112.7655441,0,0,0,0,0,0
5897591829,node,Ikan Bakar Cianjur,restaurant,seafood,,,,,,-7.2782988,112.7655253,0,0,0,0,0,0
5897591833,node,Mie GNI Jember,restaurant,noodle,,,,,,-7.2793631,112.765815,0,0,0,0,0,0
5897591834,node,Liu Fu,restaurant,chinese,,,,,,-7.2792753,112.7658257,0,0,0,0,0,0
5897591835,node,Idaman,restaurant,indonesian;chinese,,,,,,-7.2791502,112.7658364,0,0,0,0,0,0
5897591838,node,Ayam Goreng President,restaurant,chicken,,,,,,-7.2786766,112.7659169,0,0,0,0,0,0
5897591839,node,Fajar,restaurant,chinese,,,,,,-7.2785596,112.7659222,0,0,0,0,0,0
5897591841,node,Depot 539,restaurant,,,,,,,-7.2782616,112.7659464,0,0,0,0,0,0
5897591844,node,Happy Suzy,restaurant,,,,,,,-7.278094,112.7659625,0,0,0,0,0,0
5897591845,node,Slice of Cali,restaurant,italian,,,,,,-7.2778226,112.7659839,0,0,0,0,0,0
5897591852,node,Mutiara,restaurant,indonesian,,,,,,-7.278384,112.7649486,0,0,0,0,0,0
5897591853,node,Pondok Khas Jenggala,restaurant,seafood,,,,,,-7.281127,112.7717373,0,0,0,0,0,0
5897591854,node,Depot Pak Bas,restaurant,indonesian,,,,,,-7.2815447,112.7720001,0,0,0,0,0,0
5897591856,node,Rollaas,cafe,,,,,,,-7.280853,112.7734619,0,0,0,0,0,0
5897591860,node,Texas Chicken,fast_food,american,10:00-00:00,,,,yes,-7.2808902,112.776812,1,0,0,0,1,2
5897591868,node,Yung Ho,restaurant,chinese,,,,,,-7.2800734,112.7644148,0,0,0,0,0,0
5897591870,node,Bekyu,restaurant,japanese,,,,,,-7.2801799,112.765359,0,0,0,0,0,0
5897591871,node,Hakata Ikkousha,restaurant,japanese,,,,,,-7.2801878,112.7654904,0,0,0,0,0,0
5897591872,node,Terminal,restaurant,seafood,,,,,,-7.2801985,112.765646,0,0,0,0,0,0
5897591875,node,Istana Berkat,restaurant,seafood,,,,,,-7.2803634,112.767714,0,0,0,0,0,0
5897591876,node,Primarasa,restaurant,indonesian,,,,,,-7.2804699,112.7679151,0,0,0,0,0,0
5897591877,node,Asian King,restaurant,asian,,,,,,-7.2804911,112.7685696,0,0,0,0,0,0
5897591878,node,Steak Hut,restaurant,steak_house,,,,,,-7.2805257,112.7688915,0,0,0,0,0,0
5897591879,node,Warung Wakaka,restaurant,indonesian,,,,,,-7.2805603,112.7691919,0,0,0,0,0,0
5897591880,node,Hot Pot Town,restaurant,chinese,,,,,,-7.280704,112.7705571,0,0,0,0,0,0
5897593890,node,KFC,fast_food,chicken,24/7,,,yes,yes,-7.2806361,112.7698021,1,0,0,1,1,3
5897593892,node,Shao Kao,restaurant,chinese,,,,,,-7.2801878,112.7770856,0,0,0,0,0,0
5897593894,node,Holycow,restaurant,steak_house,,,,,,-7.2801932,112.7783892,0,0,0,0,0,0
5897593895,node,Botanika,restaurant,indonesian,,,,,,-7.2802038,112.7749291,0,0,0,0,0,0
5897593897,node,Seigo,restaurant,japanese,,,,,,-7.2801187,112.7715924,0,0,0,0,0,0
5897593898,node,HC Resto,restaurant,,,,,,,-7.2801104,112.7714359,0,0,0,0,0,0
5897593899,node,Bima,restaurant,chinese,,,,,,-7.279967,112.7706161,0,0,0,0,0,0
5897593900,node,Malioboro,restaurant,indonesian,,,,,,-7.2800149,112.7704793,0,0,0,0,0,0
5897593904,node,New Royal Restaurant,restaurant,chinese,,,,,,-7.2797515,112.7679071,0,0,0,0,0,0
5897593906,node,HaoXiongDi Chinese Restaurant & Hotpot Town,restaurant,chinese,,,,,,-7.2797861,112.7682182,0,0,0,0,0,0
5897593907,node,Magal BBQ,restaurant,korean,,,,,,-7.2796637,112.767545,0,0,0,0,0,0
5897593908,node,Pizza Hut,restaurant,pizza,10:00-23:00,,,yes,yes,-7.2795493,112.7664077,1,0,0,1,1,3
5912420218,node,Galbisal,restaurant,korean,,,,,,-7.2805409,112.7690652,0,0,0,0,0,0
6123924347,node,Maxx Coffee,cafe,coffee_shop,,,,,yes,-7.2619186,112.7499001,0,0,0,0,1,1
6123924348,node,Excelso,cafe,,,,,,,-7.2618108,112.7497901,0,0,0,0,0,0
6123924349,node,Anomali Coffee,cafe,,,,,,,-7.2621593,112.750348,0,0,0,0,0,0
6123924350,node,Oh Gelato & Cafe,cafe,,,,,,,-7.2604671,112.7510521,0,0,0,0,0,0
6123924351,node,Mie Jogging,restaurant,noodle,,,,,,-7.2613771,112.7492724,0,0,0,0,0,0
6154038472,node,Renekopi,cafe,,,,,,,-7.3087693,112.7215186,0,0,0,0,0,0
6173243691,node,Bu Kris,restaurant,,,,,,,-7.2696989,112.7466239,0,0,0,0,0,0
6214815967,node,Starbucks,cafe,coffee_shop,,,,,yes,-7.2630241,112.7406183,0,0,0,0,1,1
6214815968,node,Starbucks,cafe,coffee_shop,,,,,yes,-7.3388087,112.7375364,0,0,0,0,1,1
6214815969,node,Starbucks,cafe,coffee_shop,,,,,yes,-7.2652191,112.7485067,0,0,0,0,1,1
6214815970,node,Starbucks,cafe,coffee_shop,,,,,yes,-7.2556672,112.7338484,0,0,0,0,1,1
6214815971,node,Starbucks,cafe,coffee_shop,,,,,yes,-7.2510215,112.6617667,0,0,0,0,1,1
6296236163,node,Starbucks,cafe,coffee_shop,,,,,yes,-7.3144389,112.7810472,0,0,0,0,1,1
6296251692,node,Burger King,fast_food,burger,,,,yes,yes,-7.3171232,112.7813973,0,0,0,1,1,2
6296251693,node,Pizza Hut,restaurant,pizza,10:00-22:00,,,yes,yes,-7.3169157,112.7812564,1,0,0,1,1,3
6358934715,node,Pecel Mangaps,restaurant,asian,Mo-Su 09:00-12:00,,,,,-7.2281988,112.6075786,1,0,0,0,0,1
6358934717,node,Bakso Sumberejo,cafe,Meatball_soup;snack,,,,,yes,-7.2277435,112.6071113,0,0,0,0,1,1
6363976422,node,Warung Polisi (Warpol),cafe,coffee_shop,,,,,,-7.2894573,112.7756865,0,0,0,0,0,0
6363980464,node,Nelongso,restaurant,,,,,,,-7.2894012,112.7768011,0,0,0,0,0,0
6397255490,node,coffy toffy manyar,cafe,coffee_shop,Mo-Su 09:00-21:00,,,,,-7.2892326,112.763134,1,0,0,0,0,1
6409346562,node,Starbucks,cafe,coffee_shop,,,,,yes,-7.2760014,112.7808205,0,0,0,0,1,1
6417117691,node,KFC,fast_food,chicken,,,,,yes,-7.2766546,112.7817097,0,0,0,0,1,1
6417117692,node,Pizza Hut,restaurant,pizza,,,,,,-7.2759601,112.7819163,0,0,0,0,0,0
6495308532,node,Al's Pizza,restaurant,pizza,,,,,,-7.2710607,112.7561993,0,0,0,0,0,0
6495308533,node,Janji Jiwa,cafe,,,,,,,-7.2706004,112.7562516,0,0,0,0,0,0
6585930978,node,Uppercut Steakhouse,restaurant,steak_house,"Tuesday - Sunday , Lunch and Dinner",+62315458888,https://uppercutsteakhouse.com/,,,-7.2598355,112.7348007,1,1,1,0,0,3
6618395895,node,Cafetaria Informatika,restaurant,,,,,,,-7.2800621,112.7970129,0,0,0,0,0,0
6621178651,node,Hacienda,restaurant,mexican,,+62 878-5171-3388,,,,-7.2621357,112.7380824,0,1,0,0,0,1
6621178652,node,Play Domicile,restaurant,international,,,,,,-7.2623932,112.7379781,0,0,0,0,0,0
6621178653,node,The Coffee Bean & Tea Leaf,cafe,coffee_shop,,,,,yes,-7.2625788,112.7381244,0,0,0,0,1,1
6681977561,node,Primarasa,restaurant,chicken,,,,,,-7.2825112,112.737187,0,0,0,0,0,0
6681977562,node,Bogowonto,restaurant,,,,,,,-7.2873507,112.7327077,0,0,0,0,0,0
6681977563,node,Sop Buntut Gelora Pancasila,restaurant,,,,,,,-7.2871539,112.7319621,0,0,0,0,0,0
6681993566,node,Thirty3 Brew,cafe,,Mo-Su 10:00-23:00,,,,,-7.2861002,112.7327551,1,0,0,0,0,1
6681993567,node,Matchbox Too,restaurant,,Mo-Su 11:00-24:00,,,,,-7.2860018,112.7327015,1,0,0,0,0,1
6681993568,node,Onni House,restaurant,,Mo-Su 10:00-22:00,,,,,-7.2858741,112.7330421,1,0,0,0,0,1
6681993569,node,Goodstone,restaurant,,Mo-Su 11:00-22:00,,,,,-7.2860843,112.7331655,1,0,0,0,0,1
6681993570,node,Urban Wagyu,restaurant,,Mo-Su 10:00-22:00,,,,,-7.286196,112.7332218,1,0,0,0,0,1
6681993571,node,Seventies Coffee,cafe,,,,,,,-7.2856692,112.7329429,0,0,0,0,0,0
6681993573,node,Locaāhands,cafe,,Mo-Su 08:00-22:00,,,,,-7.2871804,112.7332299,1,0,0,0,0,1
6681993574,node,Guilin,restaurant,chinese,,,,,,-7.2866829,112.7329053,0,0,0,0,0,0
6681993575,node,A Fung,restaurant,,,,,,,-7.2849016,112.7317399,0,0,0,0,0,0
6681993576,node,The Pianoza,restaurant,american,,,,,,-7.2847926,112.7320081,0,0,0,0,0,0
6806678496,node,Sanger,restaurant,acehnese,,,,,,-7.2699243,112.7605858,0,0,0,0,0,0
6806679939,node,Jank Jank Wings,fast_food,chicken,,,,,,-7.2725872,112.7562076,0,0,0,0,0,0
6806679940,node,Diskuupi,cafe,,,,,,,-7.2725287,112.7562049,0,0,0,0,0,0
6806679941,node,Hi Coffee,cafe,,,,,,,-7.2726524,112.7562049,0,0,0,0,0,0
6806679944,node,Palapa,restaurant,indonesian,,,,,,-7.2741397,112.7559219,0,0,0,0,0,0
6806679945,node,Lain Hati,cafe,,,,,,,-7.2737805,112.7561539,0,0,0,0,0,0
6806679946,node,Pukul Satu,cafe,,,,,,,-7.2766819,112.7557891,0,0,0,0,0,0
6806679947,node,Foresthree,cafe,,,,,,,-7.277806,112.754558,0,0,0,0,0,0
6806679948,node,Ampera,restaurant,indonesian,,,,,,-7.27199,112.7609866,0,0,0,0,0,0
6806679950,node,Kopi Yor,cafe,,,,,,,-7.2717451,112.7608087,0,0,0,0,0,0
6806679951,node,Awal Cerita,cafe,,,,,,,-7.2710483,112.7608578,0,0,0,0,0,0
6811538254,node,Diskuupi 101,cafe,coffee_shop;coffee;drinks,,,,,,-7.299809,112.7656827,0,0,0,0,0,0
6862762513,node,Domino's Pizza,fast_food,pizza,,,,,yes,-7.2797122,112.7626777,0,0,0,0,1,1
6862762514,node,Container Kebab,fast_food,kebab,,,,,,-7.2796989,112.7627581,0,0,0,0,0,0
6862762515,node,Katalokopi,cafe,,,,,,,-7.2743511,112.7561009,0,0,0,0,0,0
6862762516,node,Warung Bu Sri,restaurant,,,,,,,-7.2706714,112.756235,0,0,0,0,0,0
6866811760,node,Ayam Penyet Ria,restaurant,indonesian,,,,,,-7.2632201,112.7404317,0,0,0,0,0,0
6878034585,node,Amen seafood,restaurant,chinese,,,,,,-7.3044723,112.7809728,0,0,0,0,0,0
6919662601,node,Soto Ayan Hartono,restaurant,indonesian,,,,,,-7.2525311,112.7441582,0,0,0,0,0,0
6960986586,node,Warkop Stadion,cafe,,24/7,,,,,-7.3291909,112.7228236,1,0,0,0,0,1
7018202761,node,Haryono Kitchen,restaurant,asian,,,,,,-7.2759752,112.7465052,0,0,0,0,0,0
7111723185,node,Mokha Eatery,cafe,burger;cake;fish;kebab;coffee_shop;arab,Mo-Su 09:30-21:30,,,,,-7.2262097,112.7410538,1,0,0,0,0,1
7113437686,node,Warkop Wali,cafe,,Mo-Sa 06:00-18:00,,,,,-7.2773182,112.7405096,1,0,0,0,0,1
7113668085,node,Warung Bunda,restaurant,chicken;fish;asian;local,Mo-Fr 11:00-14:00,,,,,-7.2596389,112.7382583,1,0,0,0,0,1
7113750385,node,Kopi Kota,cafe,coffee_shop,Mo-Su 11:00-21:00,,,,,-7.2597168,112.7356714,1,0,0,0,0,1
7116217285,node,Warkop Cak Man,cafe,friture;coffee_shop;local,Mo-Su 05:00-18:00,,,,,-7.285995,112.7434771,1,0,0,0,0,1
7116217485,node,Warkop Koramil - Pak Tono,cafe,friture;cake;donut;coffee_shop,Mo-Su 06:00-16:00,,,,,-7.2774065,112.7355799,1,0,0,0,0,1
7116279985,node,Warkop Pojok Pasar Pecindilan,cafe,friture;coffee_shop,Mo-Su 05:00-16:00,,,,,-7.2473764,112.7492283,1,0,0,0,0,1
7116874685,node,Warung Pojok Rawon Lodeh Bali,cafe,indonesian,Mo-Su 19:00-00:00,,,,,-7.276248,112.7358243,1,0,0,0,0,1
7118511485,node,Kedai Kopi Simple,cafe,coffee_shop,Mo-Fr 07:00-16:00,,,,,-7.2667722,112.7426006,1,0,0,0,0,1
7118528786,node,Warkop SJDW,cafe,coffee_shop,24/7,,,,,-7.2746447,112.7425464,1,0,0,0,0,1
7118536585,node,Warkop Cak Man,cafe,coffee_shop,Mo-Su 06:00-21:00,,,,,-7.2584638,112.7257918,1,0,0,0,0,1
7118537685,node,Warkop Cak Min,cafe,coffee_shop,Mo-Fr 10:00-00:00,,,,,-7.2723849,112.7410945,1,0,0,0,0,1
7118541285,node,Warkop Mbak Mar,cafe,,Mo-Sa 06:00-18:00,,,,,-7.2716697,112.7426857,1,0,0,0,0,1
7118541286,node,Warkop PakDe Yanto,cafe,coffee_shop,Mo-Sa 06:00-18:00,,,,,-7.2735094,112.7437324,1,0,0,0,0,1
7118551585,node,Warkop Pojok,cafe,,Mo-Su 06:00-21:00,,,,,-7.2771988,112.7411753,1,0,0,0,0,1
7118651185,node,Warkop Pak No Simpang Dukuh,cafe,deli;tea;cake;asian;beef_bowl;coffee_shop,Mo-Su 06:00-18:00,,,,,-7.2620896,112.7419599,1,0,0,0,0,1
7118681890,node,Warkop Pak Imam,cafe,coffee_shop,Mo-Sa 06:00-15:00,,,,,-7.2591134,112.7420994,1,0,0,0,0,1
7118694885,node,Warkop Dewo,cafe,coffee_shop,Mo-Su 06:00-18:00,,,,,-7.2586829,112.7410212,1,0,0,0,0,1
7118937485,node,Warkop WK,cafe,coffee_shop,24/7,,,,,-7.27846,112.7434136,1,0,0,0,0,1
7119524187,node,Warung Cak Mis,cafe,tea;friture;diner;cake;coffee_shop;local,Mo-Su 15:00-00:00,,,,,-7.2864466,112.740459,1,0,0,0,0,1
7120599687,node,Giras 98,cafe,,Mo-Su 05:00-18:00,,,,,-7.2306144,112.7511565,1,0,0,0,0,1
7120670685,node,Warkop Erick 46,cafe,friture;cake;coffee_shop,24/7,,,,,-7.2271615,112.7407872,1,0,0,0,0,1
7120693486,node,Warkop Rempah,cafe,friture;cake;coffee_shop,Mo-Sa 07:00-15:00,,,,,-7.2332537,112.7401755,1,0,0,0,0,1
7120720686,node,Warkop Keliling Cak Muhari,cafe,friture;donut;coffee_shop,Mo-Su 06:00-11:00,,,,,-7.2327324,112.741118,1,0,0,0,0,1
7120741785,node,Warkop Cak Ran,cafe,coffee_shop,Mo-Su 12:00-00:00,,,,,-7.2342577,112.7396881,1,0,0,0,0,1
7120742785,node,Warkop Elita,cafe,coffee_shop,Mo-Sa 07:00-16:00,,,,,-7.2356956,112.7416472,1,0,0,0,0,1
7120746985,node,Warkop Maimunah,cafe,friture;cake;curry;coffee_shop,24/7,,,,,-7.2350201,112.7410464,1,0,0,0,0,1
7120970085,node,Warkop Cak Syaiful,cafe,coffee_shop,Mo-Su 06:00-16:00,,,,,-7.2342626,112.740987,1,0,0,0,0,1
7121027485,node,Warkop Ertiga,cafe,coffee_shop,24/7,,,,,-7.2347912,112.745857,1,0,0,0,0,1
7121430685,node,Warkop Cak Hadi,cafe,coffee_shop,Mo-Su 06:00-16:00,,,,,-7.2398563,112.7502333,1,0,0,0,0,1
7123664986,node,Warkop Sis,cafe,coffee_shop,Mo-Su 05:00-15:00,,,,,-7.2945975,112.7254069,1,0,0,0,0,1
7123677288,node,Giras Gresik,cafe,coffee_shop,Mo-Su 05:00-15:00,,,,,-7.3141168,112.6941946,1,0,0,0,0,1
7123730485,node,Warkop Halik,cafe,coffee_shop,Mo-Sa 10:00-18:00,,,,,-7.2833698,112.7342181,1,0,0,0,0,1
7123743685,node,Warkop Dilla,cafe,coffee_shop,Mo-Su 06:00-21:00,,,,,-7.2491726,112.7309717,1,0,0,0,0,1
7123793185,node,Warjo Pak Pur,cafe,coffee_shop,Mo-Sa 06:00-15:00,,,,,-7.2602861,112.7449068,1,0,0,0,0,1
7123820385,node,Warkop Ardi,cafe,coffee_shop,Mo-Su 06:00-16:00,,,,,-7.255278,112.7472311,1,0,0,0,0,1
7125233785,node,Warkop Ramonez,cafe,coffee_shop,,,,,,-7.2772632,112.7621547,0,0,0,0,0,0
7125258886,node,Warkop Pak No,cafe,coffee_shop,Mo-Su 06:00-12:00,,,,,-7.2593538,112.7590477,1,0,0,0,0,1
7125275785,node,Warkop & Nasi Pecel Sederhana,cafe,coffee_shop,Mo-Su 05:00-12:00,,,,,-7.2594028,112.7591347,1,0,0,0,0,1
7126109086,node,Depot Acu Aling,restaurant,noodles;breakfast;coffee_shop,Tu-Su 07:00-17:00,,,,,-7.2292466,112.7352166,1,0,0,0,0,1
7126114385,node,Warkop Bahagia,cafe,tea;friture;coffee_shop,Mo-Su 06:00-16:00,,,,,-7.2284246,112.7357683,1,0,0,0,0,1
7127411885,node,Warkop Pak Ri,cafe,coffee_shop,Mo-Su 07:00-16:00,,,,,-7.2479833,112.7575363,1,0,0,0,0,1
7127611885,node,Warung Rakyat,restaurant,fish;coffee_shop;local,Mo-Su 09:00-16:00,,,,,-7.2488475,112.7596704,1,0,0,0,0,1
7127632386,node,Warkop Yani,cafe,friture;coffee_shop,Mo-Su 06:00-18:00,,,,,-7.2490873,112.7535689,1,0,0,0,0,1
7127639686,node,Warkop Pojok,cafe,tea;friture;coffee_shop,Mo-Sa 06:00-16:00,,,,,-7.213514,112.7333727,1,0,0,0,0,1
7127669786,node,Warkop Cak Arifin,cafe,coffee_shop,Mo-Su 06:00-17:00,,,,,-7.2513154,112.7550641,1,0,0,0,0,1
7128474688,node,Warkop Tulungagung,cafe,friture;coffee_shop,24/7,,,,,-7.2912056,112.7379627,1,0,0,0,0,1
7128509285,node,Warkop Sewelas,cafe,friture;coffee_shop,Mo-Su 08:00-17:00,,,,,-7.2913481,112.7379973,1,0,0,0,0,1
7129729385,node,Warkop Punjul Roso,cafe,coffee_shop,,,,,,-7.2628776,112.6671234,0,0,0,0,0,0
7129737185,node,Warkop Pojok,cafe,coffee_shop,24/7,,,,,-7.2595463,112.6784795,1,0,0,0,0,1
7129752585,node,Giras 18,cafe,coffee_shop,,,,,,-7.2597221,112.6793737,0,0,0,0,0,0
7129752685,node,Warkop CS,cafe,coffee_shop,,,,,,-7.2597507,112.6794537,0,0,0,0,0,0
7130116785,node,Warung Pak Min,restaurant,diner;breakfast,24/7,,,,,-7.2749778,112.7262305,1,0,0,0,0,1
7130137889,node,Warkop Yoyok,cafe,coffee_shop,,,,,,-7.2759233,112.7352458,0,0,0,0,0,0
7132301585,node,Warkop Gorip,cafe,friture;coffee_shop,Mo-Su 21:00-09:00,,,,,-7.3205017,112.7577787,1,0,0,0,0,1
7132325185,node,Warkop Anugrah,cafe,coffee_shop,Mo-Su 06:00-18:00,,,,,-7.3233379,112.7712258,1,0,0,0,0,1
7132340585,node,Warkop Pojok Pasar Soponyono,cafe,friture;coffee_shop,Mo-Su 05:00-18:00,,,,,-7.3232086,112.7713442,1,0,0,0,0,1
7132389485,node,Kopi Selir,cafe,friture;coffee_shop,,,,,,-7.3079327,112.7606838,0,0,0,0,0,0
7132454786,node,Warkop Barokah,cafe,friture;cake;donut;coffee_shop,Mo-Su 05:00-18:00,,,,,-7.3027908,112.737949,1,0,0,0,0,1
7132460490,node,Warkop Farid,cafe,friture;donut;coffee_shop,Mo-Su 06:00-18:00,,,,,-7.3012025,112.7375605,1,0,0,0,0,1
7134705285,node,Warkop Kusni,cafe,friture;coffee_shop,,,,,,-7.2688683,112.7291567,0,0,0,0,0,0
7134746985,node,Warkop Ronggowarsito,cafe,curry;coffee_shop,,,,,,-7.2797343,112.7283909,0,0,0,0,0,0
7134751586,node,Warkop Pojok Cak Gondol,cafe,friture;coffee_shop,24/7,,,,,-7.2825169,112.7296666,1,0,0,0,0,1
7134772985,node,Warkop Kanwa,cafe,friture;coffee_shop,Mo-Su 06:00-17:00,,,,,-7.2847546,112.7303589,1,0,0,0,0,1
7134773085,node,Warkop Abadi,cafe,friture;coffee_shop,Mo-Su 12:00-22:00,,,,,-7.2850998,112.7305419,1,0,0,0,0,1
7134773185,node,Warkop Subekti,cafe,friture;coffee_shop,Mo-Sa 06:00-17:00,,,,,-7.2819918,112.7383139,1,0,0,0,0,1
7134840685,node,Warkop & Selep Ibu Supini,cafe,coffee_shop,Mo-Su 05:00-15:00,,,,,-7.289129,112.7998866,1,0,0,0,0,1
7134843686,node,Warkop Rizky,cafe,coffee_shop,24/7,,,,,-7.3158464,112.7646112,1,0,0,0,0,1
7137828085,node,Warkop Pojok Kalijudan,cafe,friture;coffee_shop,Mo-Su 05:00-21:00,,,,,-7.2636423,112.7735091,1,0,0,0,0,1
7137858885,node,Warkop Yamuri,cafe,coffee_shop,Mo-Su 05:00-12:00,,,,,-7.2580589,112.7950862,1,0,0,0,0,1
7138038285,node,Warkop Cak Pur,cafe,friture;coffee_shop,Mo-Su 05:00-17:00,,,,,-7.2675865,112.7525857,1,0,0,0,0,1
7138147286,node,Warung Giras Pojok PJKA,cafe,curry;coffee_shop,,,,,,-7.2678465,112.752083,0,0,0,0,0,0
7144662387,node,Warkop Jempol,cafe,friture;coffee_shop,Mo-Sa 05:00-16:00,,,,,-7.2351042,112.7417676,1,0,0,0,0,1
7147640985,node,Warkop Biru,cafe,coffee_shop,Mo-Su 06:00-22:00,,,,,-7.281755,112.7218013,1,0,0,0,0,1
7147775385,node,Warkop Mbak Lemu,cafe,friture;donut;coffee_shop,24/7,,,,,-7.2792106,112.722699,1,0,0,0,0,1
7150243386,node,Warung Ijo,restaurant,chicken;fish;asian,Mo-Su 09:00-20:00,,,,,-7.2637455,112.7387519,1,0,0,0,0,1
7150269185,node,Warkop Senpai,cafe,coffee_shop,,,,,,-7.2631366,112.7360677,0,0,0,0,0,0
7150269186,node,Warkop Gondrong,cafe,friture;coffee_shop,,,,,,-7.2629504,112.7349903,0,0,0,0,0,0
7150303385,node,Warkop Pandawa,cafe,friture;coffee_shop,,,,,,-7.2628433,112.7338679,0,0,0,0,0,0
7150340285,node,Warkop Nuryah,cafe,friture;cake;donut;coffee_shop,Mo-Su 06:00-18:00,,,,,-7.2623887,112.7316936,1,0,0,0,0,1
7155502185,node,Depot Ko San - Perhimpunan Xiang Qi Pasar Atom,cafe,coffee_shop,Mo-Su 10:00-16:00,,,,,-7.2418702,112.7448489,1,0,0,0,0,1
7157928885,node,Warkop Asik,cafe,friture;coffee_shop,"Mo-Su 10:00-17:00, 19:00-22:00",,,,,-7.2713571,112.7360414,1,0,0,0,0,1
7157928985,node,Warkop Nyamplungan Balokan,cafe,coffee_shop,Mo-Su 06:00-18:00,,,,,-7.226793,112.7450682,1,0,0,0,0,1
7157929085,node,Warkop Sarkam,cafe,cake;coffee_shop,24/7,,,,,-7.2316659,112.7439738,1,0,0,0,0,1
7158219585,node,Warkop Pojok Legendaris,cafe,coffee_shop,24/7,,,,,-7.2741065,112.7274523,1,0,0,0,0,1
7158221985,node,Depot Murah Meriah,restaurant,chicken;noodles,Mo-Su 09:00-23:00,,,,,-7.2740426,112.7273708,1,0,0,0,0,1
7158221986,node,Warkop Pancar,cafe,coffee_shop,24/7,,,,,-7.2744646,112.7291202,1,0,0,0,0,1
7158234585,node,Nasgor Mak Pasar Sore Pandegiling,restaurant,noodle,Mo-Su 16:00-22:01,,,,,-7.2749305,112.7306979,1,0,0,0,0,1
7158238285,node,Bakso Babi Pandegiling,restaurant,,Mo-Su 09:00-21:00,,,,,-7.2753611,112.7330474,1,0,0,0,0,1
7158258285,node,Warkop Simpang,cafe,coffee_shop,Mo-Sa 08:00-16:00,,,,,-7.2624443,112.7408814,1,0,0,0,0,1
7158260585,node,Warkop Pojok Blauran,cafe,coffee_shop,Mo-Su 09:00-18:00,,,,,-7.2582004,112.733109,1,0,0,0,0,1
7174515385,node,Kafeku,cafe,coffee_shop,Mo-Sa 10:00-16:00,,,,,-7.2427287,112.7382911,1,0,0,0,0,1
7256792485,node,Warkop Amari,cafe,coffee_shop,Mo-Su 06:00-18:00,,,,,-7.2258327,112.7410025,1,0,0,0,0,1
7256994887,node,Warkop Mbah Holil,cafe,coffee_shop,,,,,,-7.2395382,112.7616577,0,0,0,0,0,0
7275860085,node,Warkop Bu Umi,cafe,indonesian;coffee_shop,Mo-Su 05:00-18:00,,,,,-7.2522846,112.7154832,1,0,0,0,0,1
7286990885,node,Warkop Cita Rasa,cafe,,Mo-Su 06:00-18:00,,,,,-7.2620044,112.6928389,1,0,0,0,0,1
7286991985,node,Warkop Cita Rasa,cafe,,,,,,,-7.262042,112.693116,0,0,0,0,0,0
7330332685,node,Warkop Pak Yono,cafe,,Mo-Su 05:00-17:00,,,,,-7.2820524,112.7704322,1,0,0,0,0,1
7660571334,node,Pizza Hut,restaurant,pizza,,,,,,-7.3209342,112.746587,0,0,0,0,0,0
7797720685,node,Warkop Cak Syaiful,cafe,coffee_shop,Mo-Su 05:00-10:00,,,,,-7.234353,112.6109767,1,0,0,0,0,1
7797730885,node,Warkop Murni,cafe,,Mo-Su 07:00-22:00,,,,,-7.2307017,112.6100446,1,0,0,0,0,1
7824596487,node,Warkop Pak Sapik,cafe,tea;friture;donut;coffee_shop,Mo-Su 05:00-21:00,,,,,-7.2728312,112.766395,1,0,0,0,0,1
7857864985,node,Warkop 5758 Maju Mapan,cafe,coffee_shop,Mo-Su 05:00-18:00,,,,,-7.2333855,112.7734491,1,0,0,0,0,1
7874257285,node,Warkop Tin,cafe,friture;donut;coffee_shop,Mo-Su 06:00-18:00,,,,,-7.2286159,112.7347381,1,0,0,0,0,1
7948007285,node,Warkop 83 (Pasar Malam Kodam),cafe,,Mo-Su 17:00-23:00,,,,,-7.2995786,112.7246988,1,0,0,0,0,1
7972072185,node,Warkop Pak Cobra,cafe,breakfast;coffee_shop;donut;friture,Mo-Su 06:00-18:00,,,,,-7.310712,112.7758786,1,0,0,0,0,1
7975327585,node,Warkop Cak Di Rusun Sumbo,cafe,,Mo-Su 05:00-21:00,,,,,-7.2340049,112.7472056,1,0,0,0,0,1
7983244585,node,Warkop Sakrun,cafe,cake;coffee_shop;donut;friture,24/7,,,,,-7.2393056,112.7186423,1,0,0,0,0,1
7987809885,node,Warkop Agus,cafe,cake;coffee_shop;friture,Mo-Su 14:00-00:00,,,,,-7.2740022,112.7434093,1,0,0,0,0,1
7991989466,node,Angkringan & Cafe Basecamp 17,cafe,coffee_shop;sandwich;chicken;asian,Mo-Sa 10:00-21:00,,,,,-7.299597,112.7680066,1,0,0,0,0,1
7996249986,node,Warung Pojok Maimona,cafe,cake;chicken;coffee_shop;curry;friture;local,Mo-Su 06:00-15:00,,,,,-7.2470734,112.7135272,1,0,0,0,0,1
8001751587,node,Warkop Alin Gondrong,cafe,coffee_shop;donut;friture,Mo-Su 06:00-18:00,,,,,-7.3261931,112.6736755,1,0,0,0,0,1
8008155085,node,Warkop Subur,cafe,,Mo-Su 05:00-16:00,,,,,-7.2944064,112.7461734,1,0,0,0,0,1
8151132660,node,Pujasera,restaurant,,,,,,,-7.2971622,112.7365334,0,0,0,0,0,0
8151416113,node,Pujasera,restaurant,,,,,,,-7.2957299,112.7363986,0,0,0,0,0,0
8186666818,node,Domino's Pizza,fast_food,pizza,,1500366,https://www.dominos.co.id/,,,-7.2643042,112.7309945,0,1,1,0,0,2
8186667117,node,"Warkop Ambyar ""mas Firman",fast_food,coffee_shop;friture,,,,,,-7.3393614,112.7282991,0,0,0,0,0,0
8436709717,node,Warkop Mbak Jum,cafe,asian;breakfast;cake;chicken;coffee_shop;friture;local,Mo-Sa 06:00-16:00,,,,,-7.2348749,112.7422693,1,0,0,0,0,1
8495734017,node,Warkop Pak To,cafe,,Mo-Sa 05:00-16:00,,,,,-7.2351188,112.7418284,1,0,0,0,0,1
8502106017,node,Warkop Gadex,cafe,,Mo-Su 06:00-11:00,,,,,-7.2333039,112.7264067,1,0,0,0,0,1
8503472910,node,A&W,fast_food,burger;chicken,,,,,,-7.291295,112.6737578,0,0,0,0,0,0
8508756917,node,Warkop Pak Ponirin,cafe,,Mo-Su 06:00-20:00,,,,,-7.2441565,112.7323458,1,0,0,0,0,1
8555556719,node,Abu Mahri (Kopi Kampoeng Arab),cafe,,Mo-Su 10:00-17:00,,,,,-7.2266303,112.7464312,1,0,0,0,0,1
8568915217,node,Warkop Bagio,cafe,cake;coffee_shop;friture,Mo-Su 18:00-05:00,,,,,-7.2526233,112.7288868,1,0,0,0,0,1
9012973317,node,Warkop Palapa,cafe,cake;coffee_shop,Mo-Su 05:00-17:00,,,,,-7.2413053,112.7560071,1,0,0,0,0,1
9152502969,node,GIRAS BERSATU REVO 99,cafe,coffee_shop,Mo-Su 09:00-21:00,,,,,-7.3396385,112.7851322,1,0,0,0,0,1
9218740417,node,Warkop Buk Niroh,cafe,coffee_shop;friture,Mo-Su 05:00-13:00,,,,,-7.2399825,112.7161461,1,0,0,0,0,1
9599404615,node,Mexicola,cafe,,,,,,,-7.2801788,112.8045749,0,0,0,0,0,0
9753339104,node,Bakso Boedjangan,restaurant,,,,,,,-7.2983127,112.7623743,0,0,0,0,0,0
9811380931,node,Warung tahu telur,restaurant,asian,Mo-Su 18.00-23:00,,,,,-7.3390097,112.7405747,1,0,0,0,0,1
9831971685,node,McDonald's,fast_food,burger,,,,,yes,-7.3161718,112.7481623,0,0,0,0,1,1
10129447477,node,1UP Kitchen,cafe,chinese;japanese;chicken;asian;korean;international,Mo-Su 10:00-22:00,+6281386878801,,,,-7.2863144,112.6556973,1,1,0,0,0,2
10139441848,node,Tanamera Coffee & Roastery Trunojoyo,cafe,,,,,,,-7.2846363,112.7350704,0,0,0,0,0,0
10142198066,node,Toko Kopi Padma,cafe,coffee_shop,,,,,,-7.2587211,112.7383317,0,0,0,0,0,0
10247879662,node,Bakso Pak Anton,fast_food,,,,,,,-7.2740997,112.7866906,0,0,0,0,0,0
10554645106,node,Toby's Estate La Viz,cafe,western;coffee_shop;restaurant,,+6281259546675,,,yes,-7.289331,112.6738712,0,1,0,0,1,2
10774732097,node,Loko,cafe,,,,,,,-7.2655817,112.7524654,0,0,0,0,0,0
10774732098,node,CFC,restaurant,chicken,,,,,,-7.2654187,112.7524182,0,0,0,0,0,0
10989466423,node,Gwalk Garden,restaurant,,,+6281188888259,,,,-7.2908272,112.6544797,0,1,0,0,0,1
11021766295,node,Gubug Makan Mang Engking Yani Golf Surabaya,restaurant,traditional;seafood,Mo-Su 10:00-21:30 Thu 10:00-21:00,0821 3000 4288,https://linktr.ee/gmmeyanigolf,,,-7.3018131,112.714989,1,1,1,0,0,3
11033768343,node,Starbucks,cafe,,,,,,yes,-7.2925713,112.7198711,0,0,0,0,1,1
11348321169,node,Good Press and Co,cafe,,,,,,,-7.2668495,112.7490196,0,0,0,0,0,0
11355551169,node,Bakmi Jogja Trunojoyo,restaurant,,,,,,,-7.2658208,112.7376556,0,0,0,0,0,0
11365623086,node,HokBen Ahmad Yani,fast_food,,,,,,,-7.3196308,112.7326136,0,0,0,0,0,0
11384811510,node,Warung Pecel Murni Madiun,fast_food,,,,,,,-7.3386329,112.7295599,0,0,0,0,0,0
11609752540,node,Salt & Sugar Cafe and Bistro,cafe,coffee_shop;burger,Mo-Su 10:00-21:15,+62 852 3121 6943,https://salt-and-sugar-cafe-and-bistro.business.site/,,,-7.3226777,112.7421007,1,1,1,0,0,3
11609752541,node,Gudeg Solo,restaurant,indonesian,Tu-Su 08:00-21:00,+62 818 319 777,,,,-7.3226085,112.7421906,1,1,0,0,0,2
11655441512,node,"Doyan Ayam Tambaksari, Surabaya",restaurant,chicken;indonesian,,,,,,-7.247964,112.7794678,0,0,0,0,0,0
11655614123,node,"Doyan Ayam Jambangan, Surabaya",restaurant,chicken;indonesian,,,,,,-7.3083342,112.7156873,0,0,0,0,0,0
11733317569,node,Warkop Buk Niroh,cafe,cake;donut;friture,Mo-Su 05:00-13:00,,,,,-7.2399643,112.7161378,1,0,0,0,0,1
11733317572,node,Warkop,cafe,,Mo-Sa 06:00-15:00,,,,,-7.2409355,112.7337958,1,0,0,0,0,1
11733317575,node,Warung Reog,restaurant,,,,,,,-7.2309026,112.7327459,0,0,0,0,0,0
11733317577,node,Warung Kuning Bu Lily,restaurant,,,,,,,-7.2249031,112.7353819,0,0,0,0,0,0
11733317579,node,Warung Mbak Nap,restaurant,,,,,,,-7.2282763,112.7353396,0,0,0,0,0,0
11733317580,node,Warung Cholifah,restaurant,,,,,,,-7.2252336,112.73499,0,0,0,0,0,0
11733317583,node,Mie Babat Kembang Jepun,restaurant,,Mo-Su 18:00-22:00,,,,,-7.2402725,112.7375202,1,0,0,0,0,1
11733317584,node,Stop daging khas madura special tulang iga,restaurant,,,,,,,-7.2428052,112.7344258,0,0,0,0,0,0
11733317671,node,Pujasera Suket Bunder,restaurant,,Mo-Su 16:00-22:00,,,,,-7.2393522,112.7327549,1,0,0,0,0,1
11733317673,node,Warkop Sur,cafe,,,,,,,-7.2281301,112.7362223,0,0,0,0,0,0
11733317676,node,Warung Ferdika,restaurant,,Mo-Sa 09:00-16:00,,,,,-7.2453547,112.7365689,1,0,0,0,0,1
11733317678,node,Rumah Makan Sabar,restaurant,,,,,,,-7.2364487,112.7347343,0,0,0,0,0,0
11733317679,node,Rumah Makan Laksana Jaya II,restaurant,,,,,,,-7.235837,112.734838,0,0,0,0,0,0
11733317680,node,Warkop Ambon Mama Ilona,cafe,,,,,,,-7.2375225,112.7328035,0,0,0,0,0,0
11733317681,node,Warung Ibu Khoriyah,restaurant,,,,,,,-7.2301841,112.7324881,0,0,0,0,0,0
11733317775,node,Warkop Magupa,cafe,,,,,,,-7.2307317,112.7317029,0,0,0,0,0,0
11733317779,node,Bakso Wonglawas,restaurant,,Mo-Su 12:00-16:00,,,,,-7.2413421,112.7339865,1,0,0,0,0,1
11733317782,node,Mie Sarirasa,restaurant,,Mo-Sa 09:00-16:00,,,,,-7.2371736,112.7331502,1,0,0,0,0,1
11733317785,node,Depot Bakso J & J Jaya (Pak San),restaurant,,Mo-Su 09:00-16:00,,,,,-7.2464848,112.7369121,1,0,0,0,0,1
11733317791,node,Penyetan Rajawali,restaurant,,,,,,,-7.2384862,112.7321921,0,0,0,0,0,0
11733317796,node,Warung Nasi Bu Kus,restaurant,,,,,,,-7.2366005,112.7334206,0,0,0,0,0,0
11733317870,node,Warung Gorengan Krembangan Kecil,restaurant,,,,,,,-7.2381918,112.7328186,0,0,0,0,0,0
11733317873,node,Warung Doa Ibu,restaurant,,,,,,,-7.2296379,112.7352987,0,0,0,0,0,0
11733317875,node,Ikan Bakar Rica-rica khas Sulawesi,restaurant,,,,,,,-7.2377088,112.737766,0,0,0,0,0,0
11733317877,node,Idola Masakan Padang,restaurant,,Mo-Su 09:00-16:00,,,,,-7.2359664,112.7330242,1,0,0,0,0,1
11733317880,node,Soto Daging Jagaraga,restaurant,,,,,,,-7.2390942,112.7329748,0,0,0,0,0,0
11733317881,node,Warung Reog,restaurant,,,,,,,-7.2328405,112.7355034,0,0,0,0,0,0
11733317888,node,Warung 3 Putri khas Madura,restaurant,,,,,,,-7.2297462,112.7455166,0,0,0,0,0,0
11733317973,node,Warkop Pojok Krembangan,cafe,,,,,,,-7.2349903,112.7331978,0,0,0,0,0,0
11733317978,node,Warung Coto Makassar Manalagi,restaurant,,Mo-Sa 10:00-16:00,,,,,-7.2351928,112.7341709,1,0,0,0,0,1
11733317984,node,Warkop Kebalen Wetan 3,cafe,,,,,,,-7.2276416,112.7350109,0,0,0,0,0,0
11733317992,node,Aba Dulatip,restaurant,,,,,,,-7.226579,112.7457928,0,0,0,0,0,0
11733317993,node,Warung Cak Adi Lamongan,restaurant,,Mo-Su 17:00-22:00,,,,,-7.2258626,112.7454002,1,0,0,0,0,1
11733318069,node,Soto Madura Spesial Tulang Iga,restaurant,,Mo-Su 06:00-12:00,,,,,-7.2407875,112.7338236,1,0,0,0,0,1
11733318071,node,Ayam Pedesan Simbah,restaurant,,,,,,,-7.2391991,112.7341847,0,0,0,0,0,0
11733318672,node,Warung Sabar Mbak Ho,restaurant,,Mo-Su 10:00-16:00,,,,,-7.2343749,112.7322424,1,0,0,0,0,1
11733318677,node,Pangsit Mie Ayam Tuban Pak Kayat,restaurant,,,,,,,-7.2438806,112.7362834,0,0,0,0,0,0
11733318678,node,Warung 47 Fahriya,restaurant,,,,,,,-7.2396802,112.7342141,0,0,0,0,0,0
11733318679,node,Lontong Balap Rajawali,restaurant,,Mo-Su 06:00-16:00,,,,,-7.2357146,112.7350356,1,0,0,0,0,1
11733318683,node,Bakwan Pak Di,restaurant,,Mo-Sa 10:00-15:00,,,,,-7.2407711,112.7326583,1,0,0,0,0,1
11733324469,node,"Gorengan, martabak mie, warung Bik Fatimah",restaurant,,,,,,,-7.229557,112.7396587,0,0,0,0,0,0
11738921244,node,Burger King - Jemursari,fast_food,,,,,,,-7.3131411,112.7567377,0,0,0,0,0,0
11738947034,node,Yoshinoya - Jemursari,fast_food,,,,,,,-7.3129827,112.7567957,0,0,0,0,0,0
11738958586,node,Domino's Pizza,fast_food,,,,,,,-7.312772,112.7569838,0,0,0,0,0,0
11780266826,node,kafe,restaurant,,,,,,,-7.2508021,112.7435526,0,0,0,0,0,0
11780266827,node,kafe,cafe,,,,,,,-7.2490839,112.7535738,0,0,0,0,0,0
11843401954,node,MI GACOAN,fast_food,noodle,,,,,,-7.2576471,112.6722045,0,0,0,0,0,0
11865773501,node,Ayam Goreng Citra Pemuda,restaurant,,,,,,,-7.289347,112.7754759,0,0,0,0,0,0
11865773502,node,Mie Toree,restaurant,,,,,,,-7.2893486,112.7755147,0,0,0,0,0,0
11984937195,node,Ultra Coffee,cafe,,,,,,,-7.2916881,112.729668,0,0,0,0,0,0
11985085367,node,Kartiko,restaurant,,,,,,,-7.2819804,112.6958802,0,0,0,0,0,0
12012334872,node,Kopi Tiam Kapuas Hulu,restaurant,,,+62 882-0070-96673,,,,-7.2715932,112.7453576,0,1,0,0,0,1
12012456804,node,Warkop DankDut,cafe,,,,,,,-7.2690545,112.7443616,0,0,0,0,0,0
12188380797,node,Aneka Hidangan Nikmat Rasa,restaurant,,,,,,,-7.3215376,112.7455068,0,0,0,0,0,0
12208552988,node,Seribu Rempah,restaurant,,,,,,,-7.3175278,112.7501374,0,0,0,0,0,0
12211251378,node,Warkop Budal Mulih,cafe,coffee_shop;tea;noodle;regional;soup;pasta;chicken;kebab,24/7,,https://www.instagram.com/warkop.budalmulih,,,-7.3016779,112.7622739,1,0,1,0,0,2
12215189326,node,Wizz Mie,restaurant,noodle,,,,,,-7.2572171,112.737505,0,0,0,0,0,0
12215189327,node,Bubu Oriental,cafe,coffee_shop,,,,,,-7.2575058,112.7376583,0,0,0,0,0,0
12215189328,node,Phermitage,cafe,coffee_shop,,,,,,-7.2576123,112.737729,0,0,0,0,0,0
12215189329,node,Alltime Buns,fast_food,burger,,,,,,-7.2575671,112.7376954,0,0,0,0,0,0
12215189330,node,Ludic,cafe,,,,,,,-7.2577201,112.7377921,0,0,0,0,0,0
12215189331,node,Thirty Three,cafe,,,,,,,-7.2579232,112.737865,0,0,0,0,0,0
12215189335,node,7 Stars,restaurant,chinese,,,,,,-7.2588812,112.7383698,0,0,0,0,0,0
12215189336,node,Locaāhands,restaurant,,,,,,,-7.2587566,112.7387256,0,0,0,0,0,0
12215189339,node,Seoul Bunsik,restaurant,korean,,,,,,-7.2593877,112.7387243,0,0,0,0,0,0
12215189341,node,Hoho Coffee,cafe,,,,,,,-7.2595504,112.7387904,0,0,0,0,0,0
12215189342,node,Zerøgram,cafe,,,,,,,-7.2596488,112.7388566,0,0,0,0,0,0
12215189343,node,Me Station,restaurant,american,,,,,,-7.2597865,112.7389333,0,0,0,0,0,0
12215189344,node,Ikiwae,restaurant,noodle,,,,,,-7.259986,112.7390417,0,0,0,0,0,0
12215189345,node,Piring Seng,cafe,,,,,,,-7.2601788,112.7390788,0,0,0,0,0,0
12215189346,node,Ngastina,restaurant,indonesian;javanese,,,,,,-7.2601014,112.7390973,0,0,0,0,0,0
12215189347,node,Coba Pho,restaurant,vietnamese,,,,,,-7.2600647,112.7390139,0,0,0,0,0,0
12215189353,node,Paper Cup,cafe,,,,,,,-7.2607207,112.7395192,0,0,0,0,0,0
12215189354,node,Indigo,restaurant,,,,,,,-7.2605095,112.7397864,0,0,0,0,0,0
12215189357,node,TOMORO Coffee,cafe,coffee_shop,,,,,yes,-7.2579405,112.7382243,0,0,0,0,1,1
12273429775,node,Rawon Kalkulator,restaurant,,,,,,,-7.2918613,112.7402376,0,0,0,0,0,0
12277996399,node,Soto Ayam Kampung Pak Djayus,restaurant,,,,,,,-7.2541754,112.7824177,0,0,0,0,0,0
12278713975,node,Sate Ayam Ponorogo Pak Seger Asli,restaurant,sate,,,,,,-7.2799615,112.7560143,0,0,0,0,0,0
12278713985,node,Mr. Suprek,fast_food,,,,,,,-7.2800551,112.7559944,0,0,0,0,0,0
12281742623,node,Bakso So'un & Mie Ayam,restaurant,,,,,,,-7.2592988,112.7315849,0,0,0,0,0,0
12284575449,node,Warkop Bening,cafe,,,,,,,-7.275014,112.7316495,0,0,0,0,0,0
12289369157,node,bebek Sinjay,restaurant,,,,,,,-7.2597704,112.744217,0,0,0,0,0,0
12320484313,node,Buka Baju,restaurant,,,,,,,-7.2959176,112.6543016,0,0,0,0,0,0
12438591341,node,Solaria,restaurant,,,,gofood.co.id,,,-7.2486678,112.7308048,0,0,1,0,0,1
12483970499,node,McDonald's,fast_food,burger,,,,,yes,-7.25193,112.7831526,0,0,0,0,1,1
12511987101,node,Warung Sambel Tongkol Mbak Ju,restaurant,indonesian,Mo-Sa 10:00-16:00,,,,,-7.3017003,112.7378574,1,0,0,0,0,1
12655819781,node,Hakata Ikkousha Surabaya,restaurant,japanese;ramen,Mo-Su 11:00-22:00,,,,,-7.2795211,112.6834602,1,0,0,0,0,1
12721862892,node,BM Coffee,cafe,,,,,,,-7.3264049,112.7808962,0,0,0,0,0,0
12721862893,node,Jokopi,cafe,,,,,,,-7.3260034,112.7808423,0,0,0,0,0,0
12726094808,node,Point Coffee,cafe,coffee_shop,,,,,yes,-7.3113686,112.6838177,0,0,0,0,1,1
12726094819,node,Excelso,cafe,coffee_shop,,,,,,-7.3110457,112.6822989,0,0,0,0,0,0
12726094820,node,Ada Apa Dengan Kopi?,cafe,coffee_shop,,,,,,-7.310916,112.6813991,0,0,0,0,0,0
12726094846,node,Starbucks,cafe,coffee_shop,,,,,yes,-7.3104757,112.6793363,0,0,0,0,1,1
12726094847,node,Yoshinoya,fast_food,beef_bowl,,,,,yes,-7.3104072,112.6791204,0,0,0,0,1,1
12726094849,node,Kopi Kenangan,cafe,coffee_shop,,,,,yes,-7.3110812,112.6789735,0,0,0,0,1,1
12902684499,node,Cafe Goede,restaurant,coffee_shop;burger;pizza,,081133347816,,,,-7.2770046,112.8054411,0,1,0,0,0,1
13003699002,node,Bakso Prasmanan,restaurant,indonesian,Mo-Su 10:30-20:30,,,,,-7.2870705,112.6978704,1,0,0,0,0,1
13128246701,node,Airlangga Eatery,restaurant,,,,,,,-7.2686621,112.7856865,0,0,0,0,0,0
13128246801,node,Kantin Gor Kampus C,restaurant,,,,,,,-7.2646272,112.7849681,0,0,0,0,0,0
13334413612,node,Pigmalion,restaurant,indonesian,,,,,,-7.279955,112.7883857,0,0,0,0,0,0
13334413613,node,Kyuka Ramen,restaurant,ramen,,,,,,-7.2800295,112.7879016,0,0,0,0,0,0
13373928601,node,KEBON KOTA,restaurant,,,,,,,-7.3127817,112.7050596,0,0,0,0,0,0
13390448301,node,Warkop Berkah Sedulurans,cafe,,24/7,,,,,-7.3403642,112.7179843,1,0,0,0,0,1
13415197802,node,Zerogram Kota Lama,cafe,,,,,,,-7.236847,112.7370407,0,0,0,0,0,0
13420006785,node,Tahu Keraton,restaurant,,We-Mo 09:30-19:30,,,,,-7.2550377,112.7443229,1,0,0,0,0,1
13475865701,node,Kafe Sarvatra,cafe,coffee_shop;tea,Mo-Su 09:00-20:00,,,,,-7.3052175,112.7538298,1,0,0,0,0,1
13534220354,node,Toko Kopi TUKU - SPBU bp Gubeng,cafe,coffee_shop,Mo-Su 07:00-21:00,,https://tuku.coffee,,yes,-7.2729017,112.7476864,1,0,1,0,1,3
13534229567,node,Toko Kopi TUKU - Margorejo,cafe,coffee_shop,Mo-Su 07:00-21:00,,https://tuku.coffee,yes,,-7.3183613,112.7441672,1,0,1,1,0,3
13573350421,node,Ayam Keprabon Express,fast_food,,,,,,,-7.3371582,112.7376503,0,0,0,0,0,0
13609168202,node,Roti'O,cafe,,,,,,,-7.2649848,112.7520111,0,0,0,0,0,0
13609176401,node,Point Coffee,cafe,,,,,,,-7.2650502,112.7520012,0,0,0,0,0,0
13609191501,node,Sambang Cafe & Eatery,restaurant,,,,,,,-7.2614035,112.747853,0,0,0,0,0,0
13609195201,node,Slow Bar Coffee,cafe,,,,,,,-7.2614241,112.7475204,0,0,0,0,0,0
13609357641,node,Sama Koffie,cafe,coffee_shop,Mo-Fr 12:00-20.00,+6285178915597,https://www.instagram.com/sama.koffie,,,-7.2652172,112.7573746,1,1,1,0,0,3
13677686501,node,Kantin PENS,cafe,,,,,,,-7.2769599,112.7942646,0,0,0,0,0,0
13695417902,node,Warkop Titik Kumpul Kopi (TKK),cafe,,24/7,,,,,-7.312957,112.709172,1,0,0,0,0,1
13732876701,node,Warung Kuning Bu lily,restaurant,,,,,,,-7.2319439,112.7343926,0,0,0,0,0,0
13732877001,node,Mie Ayam,restaurant,,,,,,,-7.2327328,112.7354936,0,0,0,0,0,0
184586688,way,Dapur Desa,restaurant,,,,,,,-7.2675358,112.7409262,0,0,0,0,0,0
184885898,way,Aria Centra Hotel,restaurant,french,,,,,,-7.2676744,112.7434846,0,0,0,0,0,0
307346894,way,Medicine Cafe,cafe,,,,,,,-7.2653731,112.7597966,0,0,0,0,0,0
307349669,way,Tasty Resto,restaurant,,,,,,,-7.2700806,112.7604459,0,0,0,0,0,0
311061594,way,warkob imanuel,restaurant,japanese,"08:30-12:30,15:30-20:00",,,,,-7.2681528,112.7400009,1,0,0,0,0,1
311401435,way,McDonald's,fast_food,burger,24/7,,https://mcdonalds.co.id/,,yes,-7.3311131,112.7757347,1,0,1,0,1,3
314361483,way,PKL Gunungsari 1,cafe,,,,,,,-7.2995797,112.7325552,0,0,0,0,0,0
317191730,way,Agis,restaurant,indonesian,,+62 31 8294294,,,,-7.3383111,112.7150155,0,1,0,0,0,1
320183241,way,Wapo Restaurant,restaurant,,Mo-Su 11:30-22:00,+62 315-036446,,,yes,-7.270359,112.7602651,1,1,0,0,1,3
344252613,way,Hanamasa,restaurant,japanese,,,,,,-7.2658592,112.7514727,0,0,0,0,0,0
344252615,way,Gubeng Pojok,restaurant,regional,,,,,,-7.2664,112.7519197,0,0,0,0,0,0
352416453,way,McDonald's,fast_food,burger,24/7,,,yes,yes,-7.2794301,112.7653578,1,0,0,1,1,3
371708393,way,Coffee Toffee,cafe,,,,,,,-7.2707334,112.7567887,0,0,0,0,0,0
381190335,way,McDonald's,fast_food,burger,24/7,,,yes,yes,-7.2642218,112.7414618,1,0,0,1,1,3
423209896,way,Richeese Factory,fast_food,chicken,24/7,,,,yes,-7.2647401,112.7413758,1,0,0,0,1,2
423209899,way,Coffee Toffee,cafe,,,,,,,-7.2638934,112.7434074,0,0,0,0,0,0
423463937,way,Warung Leko,restaurant,,,,,,,-7.2775471,112.7660574,0,0,0,0,0,0
426896979,way,Starbucks,cafe,coffee_shop,"Mo-Th 07:00-23:00, Fr-Su 07:00-23:59",,,,yes,-7.2720932,112.7489729,1,0,0,0,1,2
428982729,way,Nur Pacific,restaurant,,,,,,,-7.2726319,112.7481711,0,0,0,0,0,0
429000282,way,Loving Hut,restaurant,international,,,,,,-7.2757299,112.7492058,0,0,0,0,0,0
429000476,way,Excelso,cafe,,,,,,,-7.2768166,112.749421,0,0,0,0,0,0
435125358,way,McDonald's,fast_food,burger,24/7,,,,yes,-7.282183,112.74073,1,0,0,0,1,2
435125361,way,Daun Hijau,restaurant,Javanese,,,,,,-7.2801863,112.742203,0,0,0,0,0,0
444140319,way,KFC,fast_food,chicken,24/7,,,yes,yes,-7.319403,112.7326447,1,0,0,1,1,3
446960580,way,Sederhana,restaurant,,,,,,,-7.2810033,112.7812119,0,0,0,0,0,0
447125584,way,Unicorn,cafe,,,,,,,-7.2817878,112.7840903,0,0,0,0,0,0
447125931,way,SAS Cafe & Resto,cafe,,,,,,,-7.2701424,112.7985575,0,0,0,0,0,0
447611744,way,Oost Koffie & Thee,cafe,,,,,,,-7.2635666,112.7675936,0,0,0,0,0,0
448088350,way,Dedew'S Box,restaurant,,,,,,,-7.2647254,112.7604827,0,0,0,0,0,0
448090317,way,Depot Pak Slamet,restaurant,,,,,yes,yes,-7.2661958,112.7563807,0,0,0,1,1,2
448479226,way,Wisata Kuliner Bratang Binangun,restaurant,,,,,,,-7.2970511,112.7601369,0,0,0,0,0,0
449209554,way,Boncafe Steak & Ice Cream,restaurant,,,,,,,-7.2773654,112.7660743,0,0,0,0,0,0
451501990,way,Bakso & Pangsit Mie 3 Raja,restaurant,,,,,,,-7.3348662,112.7760344,0,0,0,0,0,0
455675282,way,Mie Gacoan,restaurant,noodle,,,,,,-7.3307068,112.7300235,0,0,0,0,0,0
455675289,way,Ayam Bakar Primarasa,restaurant,chicken,,,,,,-7.3301642,112.7303012,0,0,0,0,0,0
458005429,way,Pecel Bukus,restaurant,,,,,,,-7.3048586,112.7592552,0,0,0,0,0,0
459928329,way,Bakso Pak Djo,restaurant,,,,,,,-7.3380053,112.7753507,0,0,0,0,0,0
459928621,way,Warung Bu Andrik,restaurant,,,,,,,-7.3386362,112.7752261,0,0,0,0,0,0
459952874,way,Kopisae,cafe,,,,,,,-7.3395444,112.7739419,0,0,0,0,0,0
460456490,way,Michael Tj Gelato,restaurant,,,,,,,-7.3206883,112.7621831,0,0,0,0,0,0
462041078,way,Mie Gacoan,restaurant,noodle,,,,,,-7.3112737,112.6831468,0,0,0,0,0,0
462041079,way,Richeese Factory,fast_food,chicken,,,,,,-7.3112906,112.6832862,0,0,0,0,0,0
462043219,way,Burger King,fast_food,burger,,,,,yes,-7.3114815,112.6845536,0,0,0,0,1,1
463594306,way,Cocari Japanese Resto,restaurant,,,,,,,-7.2895758,112.731382,0,0,0,0,0,0
463599854,way,Ikan Bakar Cianjur,restaurant,Javanese,,,,,,-7.2902551,112.7316838,0,0,0,0,0,0
468207974,way,Starbucks,cafe,coffee_shop,,,,,yes,-7.2934107,112.7597588,0,0,0,0,1,1
473528422,way,Bakwan Dempo Asli,restaurant,,,+62315315631; +62315311695,,,yes,-7.2606668,112.7239709,0,1,0,0,1,2
640531452,way,Pizza Hut,restaurant,pizza,,,,,yes,-7.264395,112.7424633,0,0,0,0,1,1
692628753,way,KFC,restaurant,chicken,,,,,yes,-7.2895969,112.7459968,0,0,0,0,1,1
727358815,way,Diskuupi 102,cafe,coffee_shop;bar,,,https://diskuupi.id,yes,,-7.3203883,112.7646828,0,0,1,1,0,2
767949905,way,TGC,cafe,,,,,,,-7.2644365,112.7418308,0,0,0,0,0,0
767949906,way,Burger King,fast_food,burger,,,,,yes,-7.2647988,112.7423638,0,0,0,0,1,1
967062750,way,"Warung Sedulur Tunggal Kopi ""STK""",cafe,,,,,,,-7.3368777,112.7755593,0,0,0,0,0,0
1046394796,way,Kofibrik Manukan,cafe,coffee_shop;pizza;burger,24/7,,,,,-7.2658398,112.6663647,1,0,0,0,0,1
1223749908,way,Cafetaria Informatika,fast_food,,,,,,,-7.2800658,112.7970123,0,0,0,0,0,0
1248998595,way,De Mandailing,restaurant,asian;american,Mo-Su 10:00-22:00,+62 31 8480367,https://instagram.com/demandailingcafe,,,-7.3225309,112.7422751,1,1,1,0,0,3
1374452212,way,Pizza Hut,restaurant,pizza,,,,,,-7.3112506,112.6829544,0,0,0,0,0,0
1374452218,way,Laoban,restaurant,chinese,,,,,,-7.310171,112.6776873,0,0,0,0,0,0
1374452219,way,McDonald's,fast_food,burger,,,,,yes,-7.3097221,112.679486,0,0,0,0,1,1
1378457075,way,McDonald's,fast_food,burger,24/7,,,,yes,-7.2352228,112.7328555,1,0,0,0,1,2
